Fecha, Energia (MWh) 
2017-01-01,915.4124733333333
2017-01-02,1137.3161070833332
2017-01-03,1188.1074291666666
2017-01-04,1202.0854691666666
2017-01-05,1206.5585508333334
2017-01-06,1203.9737425
2017-01-07,1108.5363516666666
2017-01-08,1012.3493533333334
2017-01-09,1195.27526625
2017-01-10,1233.86408125
2017-01-11,1261.4848445833334
2017-01-12,1264.0328016666667
2017-01-13,1254.0831925
2017-01-14,1147.9237029166668
2017-01-15,1058.5688554166666
2017-01-16,1242.9907779166667
2017-01-17,1265.0922225
2017-01-18,1274.3394345833333
2017-01-19,1265.3065529166668
2017-01-20,1253.5119508333335
2017-01-21,1128.1429245833333
2017-01-22,1045.0684691666668
2017-01-23,1232.1014504166667
2017-01-24,1258.1186183333332
2017-01-25,1265.1599141666668
2017-01-26,1267.5565366666667
2017-01-27,1264.68795875
2017-01-28,1134.89479125
2017-01-29,1049.5794241666667
2017-01-30,1243.2558045833332
2017-01-31,1276.8951945833335
2017-02-01,1278.7328195833334
2017-02-02,1273.4798787500001
2017-02-03,1253.3829204166666
2017-02-04,1128.7144945833334
2017-02-05,1042.89023875
2017-02-06,1059.5493345833333
2017-02-07,1216.8177866666667
2017-02-08,1240.1314333333332
2017-02-09,1245.3232366666666
2017-02-10,1235.0070308333334
2017-02-11,1116.1211108333334
2017-02-12,1035.2196575
2017-02-13,1224.46379375
2017-02-14,1268.6590808333333
2017-02-15,1275.7729525
2017-02-16,1276.82682875
2017-02-17,1261.7938537500002
2017-02-18,1134.67271
2017-02-19,1054.1127770833334
2017-02-20,1244.8049437500001
2017-02-21,1269.4387508333332
2017-02-22,1285.4346633333332
2017-02-23,1287.1856320833333
2017-02-24,1276.6312991666666
2017-02-25,1138.9723958333334
2017-02-26,1050.0882941666666
2017-02-27,1266.9824220833334
2017-02-28,1298.7825258333335
2017-03-01,1310.3417768939394
2017-03-02,1303.853878560606
2017-03-03,1274.4212262878789
2017-03-04,1133.355345340909
2017-03-05,1039.2397873863636
2017-03-06,1039.9953443181819
2017-03-07,1289.5515411742424
2017-03-08,1290.6887909090908
2017-03-09,1275.3789374242424
2017-03-10,1264.9476373484847
2017-03-11,1136.5530392424241
2017-03-12,1058.6536166666667
2017-03-13,1241.3978684848485
2017-03-14,1268.9730402272726
2017-03-15,1266.3967066287878
2017-03-16,1263.6755248484849
2017-03-17,1259.4455816666666
2017-03-18,1120.4278719318181
2017-03-19,1020.1773839015151
2017-03-20,1065.3490529166668
2017-03-21,1243.9397500378789
2017-03-22,1276.4958984848483
2017-03-23,1277.4060359090909
2017-03-24,1283.1869606060607
2017-03-25,1160.5070151515151
2017-03-26,1065.5369890530303
2017-03-27,1271.1980771969695
2017-03-28,1302.479242272727
2017-03-29,1310.4508442424242
2017-03-30,1302.6538254166667
2017-03-31,1295.0484393939394
2017-04-01,1163.4937990151514
2017-04-02,1076.1896979166665
2017-04-03,1277.6464225378788
2017-04-04,1309.5828825
2017-04-05,1320.337286022727
2017-04-06,1327.0481186742425
2017-04-07,1302.6090940151514
2017-04-08,1175.1685176136364
2017-04-09,1069.6525687878786
2017-04-10,1262.7992432575757
2017-04-11,1271.116696969697
2017-04-12,1224.7742301893938
2017-04-13,1082.6882602651515
2017-04-14,988.3369849999999
2017-04-15,1014.3891529924241
2017-04-16,994.9115928030302
2017-04-17,1215.99289530303
2017-04-18,1252.5863812121213
2017-04-19,1251.9566168181818
2017-04-20,1261.591590871212
2017-04-21,1263.4770116666666
2017-04-22,1144.7937839772728
2017-04-23,1052.9163066287879
2017-04-24,1276.6857411363635
2017-04-25,1309.7092681439394
2017-04-26,1323.1328907575758
2017-04-27,1327.7135369318182
2017-04-28,1379.2855232575757
2017-04-29,1182.2260675757575
2017-04-30,1073.2249204545453
2017-05-01,1101.4179653787878
2017-05-02,1306.1529039772727
2017-05-03,1328.6217224242425
2017-05-04,1318.184942651515
2017-05-05,1277.0123313257575
2017-05-06,1165.8380049621212
2017-05-07,1080.9947463636363
2017-05-08,1299.733426401515
2017-05-09,1318.3021685227272
2017-05-10,1257.5008270833334
2017-05-11,1331.2816491666667
2017-05-12,1311.7047375
2017-05-13,1168.57243625
2017-05-14,1071.5727841666667
2017-05-15,1298.5256533333334
2017-05-16,1338.4850554166667
2017-05-17,1366.2194116666667
2017-05-18,1374.5305654166666
2017-05-19,1355.58818
2017-05-20,1259.3100016666667
2017-05-21,1106.535665
2017-05-22,1338.03063625
2017-05-23,1363.49026125
2017-05-24,1378.5117516666667
2017-05-25,1353.673935
2017-05-26,1318.6118045833334
2017-05-27,1187.5512033333332
2017-05-28,1094.4569929166666
2017-05-29,1315.88595
2017-05-30,1319.8217791666666
2017-05-31,1307.4161170833333
2017-06-01,1308.78081
2017-06-02,1299.7619908333334
2017-06-03,1174.9286879166666
2017-06-04,1081.4291383333332
2017-06-05,1315.7248820833333
2017-06-06,1331.0565591666666
2017-06-07,1327.11427125
2017-06-08,1329.6879545833333
2017-06-09,1324.4056
2017-06-10,1178.3172581439394
2017-06-11,1073.2164561363636
2017-06-12,1289.3144312499999
2017-06-13,1310.9354927651514
2017-06-14,1303.8791483333332
2017-06-15,1288.6529920833334
2017-06-16,1296.7529308333333
2017-06-17,1166.8881154166668
2017-06-18,1060.9365025
2017-06-19,1287.4045841666666
2017-06-20,1314.7303958333334
2017-06-21,1309.86848375
2017-06-22,1323.4438620833332
2017-06-23,1315.35680125
2017-06-24,1187.5991516666666
2017-06-25,1064.7805158333333
2017-06-26,1262.2726308333333
2017-06-27,1293.2511425
2017-06-28,1296.29207375
2017-06-29,1292.2813879166667
2017-06-30,1266.5767783333333
2017-07-01,1139.2830616666668
2017-07-02,1040.5039554166667
2017-07-03,1248.9149954166667
2017-07-04,1271.4893291666667
2017-07-05,1269.9096716666666
2017-07-06,1262.0509079166666
2017-07-07,1253.3216920833333
2017-07-08,1136.3151904166666
2017-07-09,1038.3639679166665
2017-07-10,1242.2114158333334
2017-07-11,1271.6030966666667
2017-07-12,1274.94058125
2017-07-13,1279.1871954166666
2017-07-14,1263.4461208333335
2017-07-15,1139.2834858333333
2017-07-16,1040.1080666666667
2017-07-17,1238.7943045833333
2017-07-18,1269.7307879166667
2017-07-19,1270.3937079166667
2017-07-20,1262.5284320833332
2017-07-21,1265.63289375
2017-07-22,1148.7570879166667
2017-07-23,1043.5517775
2017-07-24,1242.6941166666668
2017-07-25,1255.4025933333335
2017-07-26,1263.2721745833335
2017-07-27,1271.1334358333334
2017-07-28,1255.4875858333332
2017-07-29,1141.84434125
2017-07-30,1037.55995125
2017-07-31,1258.88697375
2017-08-01,1295.82951125
2017-08-02,1295.1209366666667
2017-08-03,1300.78248375
2017-08-04,1275.1615295833333
2017-08-05,1157.72392875
2017-08-06,1051.2583320833335
2017-08-07,1282.1471841666666
2017-08-08,1308.7625570833334
2017-08-09,1292.2337633333334
2017-08-10,1272.3240854166668
2017-08-11,1267.2359295833332
2017-08-12,1137.6784433333335
2017-08-13,1043.1499491666666
2017-08-14,1249.0524379166666
2017-08-15,1275.2722575
2017-08-16,1273.8362325
2017-08-17,1269.0454458333334
2017-08-18,1440.9018229166668
2017-08-19,954.5713408333332
2017-08-20,1046.0088895833333
2017-08-21,1248.17680125
2017-08-22,1315.4419258333332
2017-08-23,1288.0042495833334
2017-08-24,1290.1617395833334
2017-08-25,1281.1583458333332
2017-08-26,1161.0164341666666
2017-08-27,1063.2539395833335
2017-08-28,1259.6620625
2017-08-29,1268.1699475
2017-08-30,1264.2639529166665
2017-08-31,1256.8935683333334
2017-09-01,1205.19416
2017-09-02,1064.8915458333333
2017-09-03,981.8119087499999
2017-09-04,1200.3511983333333
2017-09-05,1227.7607025
2017-09-06,1230.2367012500001
2017-09-07,1217.6728895833332
2017-09-08,1182.7719258333334
2017-09-09,1088.65406375
2017-09-10,1006.4208470833333
2017-09-11,1181.0575058333334
2017-09-12,1201.69369
2017-09-13,1209.6339170833332
2017-09-14,1220.8990029166666
2017-09-15,1159.7092516666667
2017-09-16,999.7506845833333
2017-09-17,1017.0948158333334
2017-09-18,1209.37888
2017-09-19,1025.3290179166668
2017-09-20,1118.5950974999998
2017-09-21,1180.6317433333334
2017-09-22,1182.6115804166668
2017-09-23,1082.0198795833332
2017-09-24,1005.0256329166667
2017-09-25,1194.5971487499999
2017-09-26,1216.47676625
2017-09-27,1211.86793875
2017-09-28,1204.4299591666665
2017-09-29,1190.3443945833333
2017-09-30,1086.2555091666666
2017-10-01,1016.5601429166667
2017-10-02,1196.2533933333332
2017-10-03,1216.14284
2017-10-04,1224.4236820833332
2017-10-05,1224.2750166666667
2017-10-06,1217.22330625
2017-10-07,1097.4683658333333
2017-10-08,1023.7082808333333
2017-10-09,1221.5820808333333
2017-10-10,1241.0305175
2017-10-11,1197.5987045833333
2017-10-12,1216.7208145833333
2017-10-13,1179.7604370833333
2017-10-14,1095.5825933333333
2017-10-15,1009.3191770833333
2017-10-16,1198.07664625
2017-10-17,1225.7070445833333
2017-10-18,1232.5293204166667
2017-10-19,1229.7832604166667
2017-10-20,1225.5801258333333
2017-10-21,1115.2338183333334
2017-10-22,1014.5016095833333
2017-10-23,1203.3382525
2017-10-24,1220.18146875
2017-10-25,1057.20391
2017-10-26,1047.4197058333332
2017-10-27,1036.15752875
2017-10-28,935.79463625
2017-10-29,1003.2660944179166
2017-10-30,1208.8701354166667
2017-10-31,1232.91403375
2017-11-01,1107.83799
2017-11-01,1219.0092758333333
2017-11-02,1133.9808891666667
2017-11-03,1222.2035887499999
2017-11-04,1109.7544741666668
2017-11-05,1031.7978220833334
2017-11-06,1232.8345641666667
2017-11-07,1254.8875370833332
2017-11-08,1263.2455466666668
2017-11-09,1257.6688425
2017-11-10,1236.3004195833335
2017-11-11,1126.9750837499998
2017-11-12,1044.4782495833333
2017-11-13,1228.4086629166666
2017-11-14,1248.6202479166666
2017-11-15,1253.5816729166665
2017-11-16,1249.55174125
2017-11-17,1238.4573545833334
2017-11-18,1106.81232
2017-11-19,1009.7593033333334
2017-11-20,1047.1581733333333
2017-11-21,1228.8831716666666
2017-11-22,1255.5256270833333
2017-11-23,1236.7427891666666
2017-11-24,1226.9529283333334
2017-11-25,1123.158655
2017-11-26,1039.6980104166666
2017-11-27,1225.01523875
2017-11-28,1256.28568625
2017-11-29,1252.7114625000002
2017-11-30,1252.3602154166667
2017-12-01,1239.3182279166667
2017-12-02,1121.90524375
2017-12-03,1049.6814770833332
2017-12-04,1245.0625841666667
2017-12-05,1268.1714183333333
2017-12-06,1266.2693316666666
2017-12-07,1269.68649125
2017-12-08,1259.7510895833334
2017-12-09,1129.37818
2017-12-10,1051.5801995833333
2017-12-11,1221.9578904166667
2017-12-12,1181.4112620833332
2017-12-13,1246.9986895833333
2017-12-14,1265.2534191666666
2017-12-15,1243.96113
2017-12-16,1136.0271408333333
2017-12-17,1056.0501283333333
2017-12-18,1228.8346733333333
2017-12-19,1245.6016829166667
2017-12-20,1246.0784804166667
2017-12-21,1246.7850458333335
2017-12-22,1217.6817245833333
2017-12-23,1106.5338450000002
2017-12-24,1028.0998466666667
2017-12-25,952.1357674999999
2017-12-26,1150.28478875
2017-12-27,1175.1736583333334
2017-12-28,1163.9941316666666
2017-12-29,1149.3941316666667
2017-12-30,1057.91279
2017-12-31,990.2131675
2018-01-01,791.6576974999999
2018-01-02,980.2944520833333
2018-01-03,1023.7288966666666
2018-01-04,1032.6140283333334
2018-01-05,1028.4496920833333
2018-01-06,937.6195445833333
2018-01-07,769.7174924999999
2018-01-08,1022.8063904166667
2018-01-09,1043.2446929166667
2018-01-10,1219.93842
2018-01-11,1225.4499445833333
2018-01-12,1203.1104937500002
2018-01-13,1071.1781420833333
2018-01-14,997.61772125
2018-01-15,1190.3482145833334
2018-01-16,1215.65692125
2018-01-17,1218.9409654166668
2018-01-18,1216.9220095833332
2018-01-19,1203.5682370833333
2018-01-20,1093.4087629166668
2018-01-21,1000.3584820833333
2018-01-22,1196.2077033333333
2018-01-23,1213.06378875
2018-01-24,1214.4753533333333
2018-01-25,1204.8461520833332
2018-01-26,1200.8466191666666
2018-01-27,1084.2847570833333
2018-01-28,1002.9653304166667
2018-01-29,1206.4100179166667
2018-01-30,1224.9741570833332
2018-01-31,1226.5401245833334
2018-02-01,1304.82518625
2018-02-02,1284.3038141666666
2018-02-03,1151.6525270833333
2018-02-04,1046.5585695833333
2018-02-05,1085.0769975
2018-02-06,1291.7187058333334
2018-02-07,1311.7866187500001
2018-02-08,1312.0337733333333
2018-02-09,1302.1970675
2018-02-10,1161.77261625
2018-02-11,1063.5319012500001
2018-02-12,1277.8679933333333
2018-02-13,1314.73187875
2018-02-14,1316.4224245833332
2018-02-15,1314.1290241666666
2018-02-16,1279.2550204166666
2018-02-17,1161.9870720833333
2018-02-18,1073.0302558333333
2018-02-19,1293.2952687499999
2018-02-20,1322.5351458333332
2018-02-21,1323.59982125
2018-02-22,1327.0954479166667
2018-02-23,1313.1813408333335
2018-02-24,1182.3785470833334
2018-02-25,1086.92121375
2018-02-26,1317.6444608333334
2018-02-27,1347.9292095833332
2018-02-28,1343.0736758333335
2018-03-01,1353.8710191666667
2018-03-02,1335.998325
2018-03-03,1193.6292841666666
2018-03-04,1089.0538795833334
2018-03-05,1323.72453
2018-03-06,1352.4372420833333
2018-03-07,1326.5430091666667
2018-03-08,1337.4775466666667
2018-03-09,1334.19682
2018-03-10,1175.8778158333332
2018-03-11,1082.5974641666667
2018-03-12,1330.03598375
2018-03-13,1357.2532658333332
2018-03-14,1356.5145708333332
2018-03-15,1348.1281958333334
2018-03-16,1321.0909066666666
2018-03-17,1174.0084375
2018-03-18,1065.7382079166666
2018-03-19,1124.3196145833333
2018-03-20,1334.5978704166666
2018-03-21,1350.4463766666665
2018-03-22,1354.2115729166667
2018-03-23,1334.55202875
2018-03-24,1184.89000125
2018-03-25,1081.205625
2018-03-26,1311.9845766666665
2018-03-27,1335.0176716666667
2018-03-28,1305.12530375
2018-03-29,1135.8485658333334
2018-03-30,1035.4681575
2018-03-31,1041.8669875
2018-04-01,1028.37424375
2018-04-02,1276.9341837499999
2018-04-03,1330.4025216666666
2018-04-04,1324.2140883333334
2018-04-05,1328.0781720833334
2018-04-06,1304.1352562499999
2018-04-07,1155.7834883333333
2018-04-08,1070.8099125
2018-04-09,1313.9891808333334
2018-04-10,1320.51941625
2018-04-11,1318.4820029166667
2018-04-12,1316.2442854166668
2018-04-13,1306.2182725
2018-04-14,1163.52307
2018-04-15,1075.3420708333333
2018-04-16,1311.7247379166668
2018-04-17,1346.42916
2018-04-18,1350.1685487500001
2018-04-19,1353.7437825
2018-04-20,1336.7236575
2018-04-21,1198.7906249999999
2018-04-22,1117.0074533333334
2018-04-23,1338.1809133333334
2018-04-24,1356.8009645833333
2018-04-25,1338.6430983333332
2018-04-26,1344.4014408333335
2018-04-27,1329.61625375
2018-04-28,1175.3792008333332
2018-04-29,1079.9288083333333
2018-04-30,1270.4167762499999
2018-05-01,1113.9004079166666
2018-05-02,1290.9343020833333
2018-05-03,1327.28429875
2018-05-04,1326.8701012499998
2018-05-05,1187.0026683333333
2018-05-06,1076.2936200000001
2018-05-07,1289.34368875
2018-05-08,1301.34832
2018-05-09,1295.1901583333333
2018-05-10,1227.7832216666668
2018-05-11,1281.01610375
2018-05-12,1162.816265
2018-05-13,1074.5325654166666
2018-05-14,1313.73406625
2018-05-15,1343.5474708333334
2018-05-16,1358.4302525
2018-05-17,1366.58268625
2018-05-18,1360.5051008333332
2018-05-19,1222.5896166666666
2018-05-20,1118.5622733333332
2018-05-21,1335.72608625
2018-05-22,1362.1955433333333
2018-05-23,1364.6254770833332
2018-05-24,1363.13543875
2018-05-25,1346.8671929166667
2018-05-26,1175.5273125
2018-05-27,1090.4204329166666
2018-05-28,1353.3717016666667
2018-05-29,1389.8894533333332
2018-05-30,1395.5582783333332
2018-05-31,1414.5987225
2018-06-01,1385.17075125
2018-06-02,1212.0094729166667
2018-06-03,1112.55271625
2018-06-04,1332.8991395833334
2018-06-05,1365.9441008333333
2018-06-06,1392.0507433333332
2018-06-07,1393.7449591666666
2018-06-08,1366.2052270833335
2018-06-09,1194.7888479166666
2018-06-10,1089.4033562500001
2018-06-11,1338.9495329166666
2018-06-12,1348.0297762500002
2018-06-13,1320.3585158333333
2018-06-14,1329.2728729166668
2018-06-15,1313.82071875
2018-06-16,1178.1708508333334
2018-06-17,1083.83291875
2018-06-18,1295.1236258333333
2018-06-19,1318.4577583333332
2018-06-20,1314.4660920833333
2018-06-21,1327.7847245833334
2018-06-22,1307.4332304166667
2018-06-23,1170.5859429166667
2018-06-24,1054.1455291666666
2018-06-25,1290.5085183333333
2018-06-26,1320.1434558333333
2018-06-27,1306.8619079166667
2018-06-28,1303.8464845833334
2018-06-29,1294.6693566666665
2018-06-30,1153.4394866666667
2018-07-01,1059.4968824999999
2018-07-02,1297.7704545833333
2018-07-03,1318.9979624999999
2018-07-04,1322.055
2018-07-05,1313.734115
2018-07-06,1294.3435154166666
2018-07-07,1148.3175475
2018-07-08,1075.3332341666667
2018-07-09,1282.1253625
2018-07-10,1308.08857875
2018-07-11,1300.6291204166666
2018-07-12,1296.9188775
2018-07-13,1301.8975641666666
2018-07-14,1137.0522908333335
2018-07-15,1034.5913979166667
2018-07-16,1274.0102504166666
2018-07-17,1310.9237479166666
2018-07-18,1309.14394
2018-07-19,1321.7828829166667
2018-07-20,1312.1142654166667
2018-07-21,1143.1293145833333
2018-07-22,1050.4870241666665
2018-07-23,1294.1742629166667
2018-07-24,1325.6069445833334
2018-07-25,1323.3622804166666
2018-07-26,1323.5723495833333
2018-07-27,1298.1784529166666
2018-07-28,1150.05183125
2018-07-29,1051.8731866666667
2018-07-30,1275.0513595833334
2018-07-31,1312.5238266666668
2018-08-01,1311.36785125
2018-08-02,1308.34715125
2018-08-03,1288.3693145833333
2018-08-04,1113.7337195833334
2018-08-05,1039.9958945833334
2018-08-06,1259.5188258333333
2018-08-07,1284.5576041666666
2018-08-08,1289.8314270833332
2018-08-09,1298.66056125
2018-08-10,1281.3122208333332
2018-08-11,1146.1355833333334
2018-08-12,1054.4065370833334
2018-08-13,1269.31999625
2018-08-14,1287.98967375
2018-08-15,1310.1687654166667
2018-08-16,1303.912665
2018-08-17,1281.49021375
2018-08-18,1146.0943095833334
2018-08-19,1071.1310533333333
2018-08-20,1296.79192375
2018-08-21,1337.20676875
2018-08-22,1342.4502224999999
2018-08-23,1356.57607375
2018-08-24,1340.5814
2018-08-25,1203.21154
2018-08-26,1105.8168833333334
2018-08-27,1330.1341070833334
2018-08-28,1345.57492
2018-08-29,1347.492615
2018-08-30,1352.0347625
2018-08-31,1336.8630495833333
2018-09-01,1193.8395925
2018-09-02,1111.4496408333332
2018-09-03,1328.9043641666667
2018-09-04,1355.7723020833334
2018-09-05,1355.3901429166667
2018-09-06,1357.1345987500001
2018-09-07,1341.04411125
2018-09-08,1203.0862925
2018-09-09,1104.4804733333333
2018-09-10,1330.8569416666667
2018-09-11,1359.5186554166667
2018-09-12,1368.7103941666667
2018-09-13,1366.1841375000001
2018-09-14,1335.6112108333334
2018-09-15,1186.5882929166667
2018-09-16,1077.1246791666667
2018-09-17,1322.0647520833334
2018-09-18,1354.3202087500001
2018-09-19,1350.6834491666666
2018-09-20,1372.62093
2018-09-21,1359.1984291666665
2018-09-22,1223.5947116666666
2018-09-23,1127.1575975
2018-09-24,1336.7298416666665
2018-09-25,1368.8245341666668
2018-09-26,1368.3392258333333
2018-09-27,1356.0579808333334
2018-09-28,1343.87241375
2018-09-29,1199.25747
2018-09-30,1102.2086375000001
2018-10-01,1319.9675070833334
2018-10-02,1338.6982325000001
2018-10-03,1347.5451154166667
2018-10-04,1355.1212983333332
2018-10-05,1340.99209875
2018-10-06,1202.0747745833335
2018-10-07,1103.4478158333334
2018-10-08,1324.6989075
2018-10-09,1348.64401625
2018-10-10,1367.02002
2018-10-11,1369.16476
2018-10-12,1351.6574041666665
2018-10-13,1214.6643216666666
2018-10-14,1116.3753304166667
2018-10-15,1351.5842475
2018-10-16,1379.3691029166666
2018-10-17,1358.70557
2018-10-18,1358.0740083333333
2018-10-19,1336.1492054166667
2018-10-20,1203.5317825
2018-10-21,1105.5155958333332
2018-10-22,1317.4037220833334
2018-10-23,1342.7222358333333
2018-10-24,1352.1960537500001
2018-10-25,1361.9353695833333
2018-10-26,1360.0160612500001
2018-10-27,1211.2942658333334
2018-10-28,1101.0779858333333
2018-10-29,1324.6085679166665
2018-10-30,1358.1669241666666
2018-10-31,1331.3086262499999
2018-11-01,1194.68861
2018-11-01,1249.1370991666665
2018-11-02,1126.4645708333335
2018-11-03,1082.6420866666667
2018-11-04,1025.1448179166666
2018-11-05,1269.9951154166667
2018-11-06,1299.73454875
2018-11-07,1319.52148625
2018-11-08,1324.4643345833333
2018-11-09,1317.37641
2018-11-10,1165.1228545833333
2018-11-11,1073.2384145833332
2018-11-12,1301.55936875
2018-11-13,1321.1689025
2018-11-14,1300.9944658333334
2018-11-15,1301.5645045833332
2018-11-16,1283.5882716666667
2018-11-17,1157.9434554166667
2018-11-18,1045.6071870833332
2018-11-19,1099.9912654166667
2018-11-20,1287.3627195833333
2018-11-21,1316.9765333333332
2018-11-22,1324.8633716666666
2018-11-23,1314.0938404166666
2018-11-24,1185.5974841666666
2018-11-25,1092.62841
2018-11-26,1301.0391425
2018-11-27,1325.7515987499999
2018-11-28,1329.89366875
2018-11-29,1325.7574095833334
2018-11-30,1319.0867979166667
2018-12-01,1149.6341595833335
2018-12-02,1083.195495
2018-12-03,1309.6316070833334
2018-12-04,1335.7964816666665
2018-12-05,1338.15572875
2018-12-06,1335.1054270833333
2018-12-07,1324.1528337500001
2018-12-08,1185.7892562499999
2018-12-09,1099.2353608333333
2018-12-10,1297.96208125
2018-12-11,1306.6737074999999
2018-12-12,1242.8032570833332
2018-12-13,1304.2735733333334
2018-12-14,1307.25084125
2018-12-15,1178.5928870833334
2018-12-16,1086.7858741666666
2018-12-17,1288.4877595833334
2018-12-18,1316.3548566666666
2018-12-19,1318.9874825
2018-12-20,1301.3309841666667
2018-12-21,1271.4991945833333
2018-12-22,1151.8147879166665
2018-12-23,1067.3902208333334
2018-12-24,1124.20440875
2018-12-25,973.4346575
2018-12-26,1197.1849466666665
2018-12-27,1229.0853670833333
2018-12-28,1213.5550733333332
2018-12-29,1120.8625520833332
2018-12-30,1045.4431495833335
2018-12-31,1112.3903716666666
2019-01-01,967.6930162499999
2019-01-02,1206.62929
2019-01-03,1245.4377662499999
2019-01-04,1260.0175941666666
2019-01-05,1155.04320375
2019-01-06,1071.819915
2019-01-07,1274.63637
2019-01-08,1291.12879625
2019-01-09,1290.8843275
2019-01-10,1298.5762429166666
2019-01-11,1279.2988516666667
2019-01-12,1175.7217699999999
2019-01-13,1085.36536375
2019-01-14,1277.7921145833334
2019-01-15,1297.7631170833333
2019-01-16,1305.1557320833333
2019-01-17,1300.7765729166665
2019-01-18,1297.1200104166667
2019-01-19,1167.5612733333335
2019-01-20,1067.1092404166668
2019-01-21,1273.8617516666666
2019-01-22,1306.7659470833335
2019-01-23,1324.6929620833332
2019-01-24,1315.9686075
2019-01-25,1308.2795633333333
2019-01-26,1172.4140483333333
2019-01-27,1066.4006195833333
2019-01-28,1277.56001375
2019-01-29,1298.0035820833334
2019-01-30,1302.3795933333333
2019-01-31,1303.1133704166666
2019-02-01,1285.6625408333334
2019-02-02,1146.6997345833333
2019-02-03,1047.9576204166667
2019-02-04,1101.3153341666666
2019-02-05,1296.4792191666668
2019-02-06,1329.5989016666667
2019-02-07,1338.6325658333333
2019-02-08,1291.9373954166667
2019-02-09,1167.3686133333333
2019-02-10,1075.1195216666667
2019-02-11,1292.7934808333332
2019-02-12,1283.6472645833333
2019-02-13,1257.4289975
2019-02-14,1312.5148029166667
2019-02-15,1278.9644141666665
2019-02-16,1192.8207254166666
2019-02-17,1055.8542833333333
2019-02-18,1300.4040891666666
2019-02-19,1326.0662625
2019-02-20,1341.420345
2019-02-21,1321.85365625
2019-02-22,1281.3892441666667
2019-02-23,1148.4419333333333
2019-02-24,1092.73204125
2019-02-25,1303.867395
2019-02-26,1320.28886625
2019-02-27,1304.3476337499999
2019-02-28,1331.885285
2019-03-01,1331.4220400000002
2019-03-02,1196.8220020833335
2019-03-03,1111.3069029166666
2019-03-04,1315.14473
2019-03-05,1342.5981166666668
2019-03-06,1325.60096875
2019-03-07,1346.6172812500001
2019-03-08,1334.9341745833333
2019-03-09,1208.2487120833332
2019-03-10,1114.5491016666667
2019-03-11,1356.0965975000001
2019-03-12,1368.2573766666667
2019-03-13,1370.0102233333334
2019-03-14,1348.1967875
2019-03-15,1355.4759824999999
2019-03-16,1185.5859566666666
2019-03-17,1049.5220345833334
2019-03-18,1142.0515283333334
2019-03-19,1325.2874966666666
2019-03-20,1346.9761420833333
2019-03-21,1342.1936283333332
2019-03-22,1330.1385258333332
2019-03-23,1177.5363120833333
2019-03-24,1107.3865141666668
2019-03-25,1333.2803591666668
2019-03-26,1341.4510791666667
2019-03-27,1345.2804925
2019-03-28,1346.4794595833334
2019-03-29,1352.7709229166667
2019-03-30,1225.3692308333332
2019-03-31,1126.55285125
2019-04-01,1347.1932154166666
2019-04-02,1367.0020166666666
2019-04-03,1376.9599475000002
2019-04-04,1369.2162354166667
2019-04-05,1360.07826625
2019-04-06,1214.3446595833334
2019-04-07,1088.7524529166667
2019-04-08,1336.4557216666667
2019-04-09,1337.8994116666665
2019-04-10,1349.7352770833334
2019-04-11,1363.78840875
2019-04-12,1348.5682804166665
2019-04-13,1198.38778875
2019-04-14,1096.4308479166666
2019-04-15,1313.3922720833332
2019-04-16,1344.2641879166667
2019-04-17,1328.1605366666665
2019-04-18,1150.20664125
2019-04-19,1070.6513975
2019-04-20,1072.67668375
2019-04-21,1042.2801470833333
2019-04-22,1305.14696125
2019-04-23,1334.28881875
2019-04-24,1381.4237237500001
2019-04-25,1384.91081375
2019-04-26,1375.38063125
2019-04-27,1214.2553566666668
2019-04-28,1137.3360504166667
2019-04-29,1364.1993216666667
2019-04-30,1364.54306375
2019-05-01,1175.1747220833333
2019-05-02,1339.4656454166668
2019-05-03,1361.18062625
2019-05-04,1226.5944470833333
2019-05-05,1125.6539079166666
2019-05-06,1334.6265866666665
2019-05-07,1358.34207125
2019-05-08,1372.4505220833335
2019-05-09,1369.9685120833335
2019-05-10,1282.34091625
2019-05-11,1186.9876166666666
2019-05-12,1120.3257708333333
2019-05-13,1363.8160208333334
2019-05-14,1382.1878675
2019-05-15,1389.2231595833334
2019-05-16,1374.5148758333335
2019-05-17,1337.1399495833334
2019-05-18,1186.38486625
2019-05-19,1104.97424625
2019-05-20,1359.8159745833334
2019-05-21,1396.3445033333335
2019-05-22,1392.2647570833333
2019-05-23,1394.5223575
2019-05-24,1376.2764758333333
2019-05-25,1218.4755966666667
2019-05-26,1121.4004595833333
2019-05-27,1357.9424083333333
2019-05-28,1396.21779375
2019-05-29,1404.0490849999999
2019-05-30,1402.9895520833334
2019-05-31,1387.6661674999998
2019-06-01,1230.5474016666667
2019-06-02,1116.7753583333333
2019-06-03,1341.9580820833332
2019-06-04,1370.6401541666667
2019-06-05,1370.1131979166666
2019-06-06,1372.2416137500002
2019-06-07,1347.2838645833333
2019-06-08,1199.7640620833333
2019-06-09,1108.9742466666667
2019-06-10,1329.2546458333334
2019-06-11,1352.5058295833333
2019-06-12,1367.0938087499999
2019-06-13,1353.646915
2019-06-14,1340.3129016666667
2019-06-15,1206.8737174999999
2019-06-16,1109.43959375
2019-06-17,1366.3947408333333
2019-06-18,1393.7744495833333
2019-06-19,1395.2793354166668
2019-06-20,1384.9856570833333
2019-06-21,1376.4506320833334
2019-06-22,1227.7787945833334
2019-06-23,1123.6354020833335
2019-06-24,1358.8154012500001
2019-06-25,1339.1831295833333
2019-06-26,1318.6871233333334
2019-06-27,1295.4646541666666
2019-06-28,1314.6978141666666
2019-06-29,1165.5365795833334
2019-06-30,1090.2310850000001
2019-07-01,1287.7301429166666
2019-07-02,1320.9855458333334
2019-07-03,1319.1070904166666
2019-07-04,1359.0700520833334
2019-07-05,1321.95356875
2019-07-06,1192.9150795833332
2019-07-07,1083.5262254166666
2019-07-08,1306.5626770833335
2019-07-09,1320.7056391666667
2019-07-10,1357.2823987499999
2019-07-11,1318.7264529166666
2019-07-12,1297.32832625
2019-07-13,1175.7515454166667
2019-07-14,1070.33546125
2019-07-15,1289.7428070833332
2019-07-16,1312.8916766666666
2019-07-17,1300.6271233333334
2019-07-18,1312.2361129166668
2019-07-19,1271.6966291666665
2019-07-20,1168.04653875
2019-07-21,1074.23431625
2019-07-22,1274.9332345833334
2019-07-23,1295.5668308333334
2019-07-24,1297.82408125
2019-07-25,1295.7009
2019-07-26,1302.7608149999999
2019-07-27,1175.1332891666666
2019-07-28,1074.3180479166667
2019-07-29,1283.9460550000001
2019-07-30,1315.2966925
2019-07-31,1325.6422904166668
2019-08-01,1319.4171129166666
2019-08-02,1329.572885
2019-08-03,1183.0532054166667
2019-08-04,1066.8020374999999
2019-08-05,1339.0255433333334
2019-08-06,1339.3696270833334
2019-08-07,1328.3921741666666
2019-08-08,1336.3501520833333
2019-08-09,1340.1681804166667
2019-08-10,1172.2354970833333
2019-08-11,1060.8445354166668
2019-08-12,1300.2228141666667
2019-08-13,1332.4723516666666
2019-08-14,1357.4564050000001
2019-08-15,1339.2060654166667
2019-08-16,1331.9388325
2019-08-17,1199.46315625
2019-08-18,1082.56595125
2019-08-19,1310.5288075
2019-08-20,1319.9552433333333
2019-08-21,1295.3229891666667
2019-08-22,1334.5782720833333
2019-08-23,1329.8502108333334
2019-08-24,1158.8603508333333
2019-08-25,1054.2768941666666
2019-08-26,1335.1337441666667
2019-08-27,1357.6034591666667
2019-08-28,1354.61658
2019-08-29,1354.1812254166666
2019-08-30,1333.6681116666666
2019-08-31,1188.9752508333333
2019-09-01,1098.5021220833335
2019-09-02,1328.50789375
2019-09-03,1353.2541458333333
2019-09-04,1364.0191166666666
2019-09-05,1353.8144429166666
2019-09-06,1332.6442304166667
2019-09-07,1183.7485179166667
2019-09-08,1090.9466329166667
2019-09-09,1313.2883075
2019-09-10,1340.5102620833334
2019-09-11,1328.4767470833333
2019-09-12,1309.6226158333334
2019-09-13,1294.7834370833334
2019-09-14,1151.4535370833335
2019-09-15,1053.0753529166666
2019-09-16,1054.8532862499999
2019-09-17,1305.0294429166668
2019-09-18,1341.6369283333333
2019-09-19,1350.5530104166667
2019-09-20,1300.17884375
2019-09-21,1194.3736875
2019-09-22,1101.5028858333333
2019-09-23,1315.00584
2019-09-24,1357.6800195833332
2019-09-25,1361.20576875
2019-09-26,1355.2619941666667
2019-09-27,1341.6063191666667
2019-09-28,1222.4217920833332
2019-09-29,1110.3114158333333
2019-09-30,1297.3125204166665
2019-10-01,1331.9924329166668
2019-10-02,1332.8171083333334
2019-10-03,1338.7474629166666
2019-10-04,1328.73994625
2019-10-05,1196.6468916666665
2019-10-06,1094.4561941666666
2019-10-07,1310.3674275
2019-10-08,1324.1201270833333
2019-10-09,1333.4115445833334
2019-10-10,1351.4676170833334
2019-10-11,1353.68383625
2019-10-12,1204.6652091666667
2019-10-13,1103.4557116666667
2019-10-14,1337.50715875
2019-10-15,1362.3810783333333
2019-10-16,1359.67698875
2019-10-17,1304.0855029166667
2019-10-18,1335.2420425
2019-10-19,1200.5244054166667
2019-10-20,1112.7151041666666
2019-10-21,1332.9622454166667
2019-10-22,1351.61511625
2019-10-23,1343.04285875
2019-10-24,1343.1434083333334
2019-10-25,1326.8131533333333
2019-10-26,1194.89245375
2019-10-27,1089.5506554166666
2019-10-28,1318.2956658333333
2019-10-29,1351.00713
2019-10-30,1359.3151541666666
2019-10-31,1322.2165508333333
2019-11-01,1157.04053
2019-11-01,1277.2932604166667
2019-11-02,1131.30297
2019-11-03,1073.5003629166667
2019-11-04,1301.9633245833334
2019-11-05,1340.2532170833333
2019-11-06,1333.7153708333333
2019-11-07,1345.3134895833334
2019-11-08,1355.02630125
2019-11-09,1198.2315179166667
2019-11-10,1105.1643970833334
2019-11-11,1330.6718370833335
2019-11-12,1336.9494862499998
2019-11-13,1326.43126
2019-11-14,1335.5204295833335
2019-11-15,1325.4944054166667
2019-11-16,1182.0422033333334
2019-11-17,1043.9327608333333
2019-11-18,1120.3877366666666
2019-11-19,1318.4182958333333
2019-11-20,1342.6651183333333
2019-11-21,1349.787755
2019-11-22,1344.5784458333333
2019-11-23,1206.1416900000002
2019-11-24,1094.35967375
2019-11-25,1324.5972737499999
2019-11-26,1363.5083054166666
2019-11-27,1365.31646875
2019-11-28,1361.5851816666666
2019-11-29,1355.6420729166666
2019-11-30,1223.6644508333334
2019-12-01,1098.8092958333334
2019-12-02,1313.67319
2019-12-03,1347.0490979166666
2019-12-04,1343.9270983333333
2019-12-05,1335.5898495833333
2019-12-06,1319.9651083333333
2019-12-07,1169.34695375
2019-12-08,1100.6350333333332
2019-12-09,1312.99058875
2019-12-10,1340.9641616666665
2019-12-11,1332.6283691666665
2019-12-12,1268.1113233333333
2019-12-13,1309.6098795833334
2019-12-14,1191.9226016666667
2019-12-15,1103.3265383333335
2019-12-16,1311.2769741666666
2019-12-17,1330.6475329166667
2019-12-18,1319.7872045833333
2019-12-19,1313.9914654166666
2019-12-20,1322.4842191666667
2019-12-21,1196.1032033333333
2019-12-22,1109.186955
2019-12-23,1257.43327125
2019-12-24,1172.9830304166667
2019-12-25,1005.04602875
2019-12-26,1229.610615
2019-12-27,1252.15131125
2019-12-28,1165.89927375
2019-12-29,1105.2382016666668
2019-12-30,1234.5482908333333
2019-12-31,1172.9922708333334
2020-01-01,1004.1635833333333
2020-01-02,1228.5608329166666
2020-01-03,1252.8535991666665
2020-01-04,1157.0850595833333
2020-01-05,1070.9185487500001
2020-01-06,1270.0839879166667
2020-01-07,1309.56014875
2020-01-08,1323.70427625
2020-01-09,1332.5689279166666
2020-01-10,1322.6249275
2020-01-11,1198.3135725
2020-01-12,1106.6307841666667
2020-01-13,1347.4631254166668
2020-01-14,1347.2201779166667
2020-01-15,1348.65421625
2020-01-16,1348.9811029166667
2020-01-17,1334.6088008333334
2020-01-18,1207.60906875
2020-01-19,1120.8436100000001
2020-01-20,1323.5539291666666
2020-01-21,1331.2378875000002
2020-01-22,1345.4520454166666
2020-01-23,1332.3241875
2020-01-24,1327.5129016666667
2020-01-25,1195.5143008333332
2020-01-26,1107.3720754166668
2020-01-27,1317.1479870833334
2020-01-28,1318.0051366666667
2020-01-29,1329.8308204166667
2020-01-30,1332.0254629166668
2020-01-31,1320.7620675
2020-02-01,1173.9616095833333
2020-02-02,1079.66154375
2020-02-03,1127.6220616666667
2020-02-04,1318.340985
2020-02-05,1345.5863558333333
2020-02-06,1344.0590554166668
2020-02-07,1331.6206666666667
2020-02-08,1204.4684570833333
2020-02-09,1115.6838516666667
2020-02-10,1342.2410745833333
2020-02-11,1373.0460283333332
2020-02-12,1364.0819591666666
2020-02-13,1363.0003758333335
2020-02-14,1345.6735466666667
2020-02-15,1201.5972620833334
2020-02-16,1106.5989429166668
2020-02-17,1332.41618625
2020-02-18,1363.0441779166667
2020-02-19,1363.4926699999999
2020-02-20,1361.5224383333334
2020-02-21,1338.5400533333334
2020-02-22,1198.5876241666667
2020-02-23,1115.6199904166667
2020-02-24,1348.1100075
2020-02-25,1364.6266341666667
2020-02-26,1336.70430125
2020-02-27,1324.87222875
2020-02-28,1323.2122191666667
2020-02-29,1188.9248425
2020-03-01,1108.28146125
2020-03-02,1335.24639
2020-03-03,1363.1330916666666
2020-03-04,1364.9317591666666
2020-03-05,1364.1485629166666
2020-03-06,1314.7848933333332
2020-03-07,1176.05643875
2020-03-08,1083.6685412499999
2020-03-09,1286.4029033333334
2020-03-10,1343.6312433333333
2020-03-11,1340.6600116666666
2020-03-12,1362.84078625
2020-03-13,1363.7592654166667
2020-03-14,1216.71406125
2020-03-15,1103.6788
2020-03-16,1136.4827741666666
2020-03-17,1312.20295125
2020-03-18,1329.3649725
2020-03-19,1332.39591875
2020-03-20,1316.79209625
2020-03-21,1192.8175366666667
2020-03-22,1090.5423891666667
2020-03-23,1262.7361279166666
2020-03-24,1275.4748245833332
2020-03-25,1272.2034729166667
2020-03-26,1236.3245591666666
2020-03-27,1263.48830625
2020-03-28,1164.17550625
2020-03-29,1080.2847058333334
2020-03-30,1239.4481804166667
2020-03-31,1238.10185875
2020-04-01,1216.53910875
2020-04-02,1201.6209141666666
2020-04-03,1181.5012387499999
2020-04-04,1088.2916025
2020-04-05,1030.6535233333334
2020-04-06,1143.2006170833333
2020-04-07,1167.1182775
2020-04-08,1147.1516220833335
2020-04-09,1071.0384233333334
2020-04-10,1012.36786
2020-04-11,1021.4223395833333
2020-04-12,998.67369875
2020-04-13,1149.87775875
2020-04-14,1172.869195
2020-04-15,1195.2816366666666
2020-04-16,1189.91051375
2020-04-17,1171.6993058333335
2020-04-18,1118.9942154166667
2020-04-19,1045.9468254166666
2020-04-20,1184.62306625
2020-04-21,1201.70214
2020-04-22,1191.43208
2020-04-23,1174.0446341666666
2020-04-24,1166.4289675
2020-04-25,1087.65665875
2020-04-26,1021.5955270833333
2020-04-27,1136.50799
2020-04-28,1159.5470037500002
2020-04-29,1148.8677850000001
2020-04-30,1129.9920154166666
2020-05-01,1018.9805166666666
2020-05-02,1011.9810441666667
2020-05-03,984.89838
2020-05-04,1126.8224583333333
2020-05-05,1141.3393325
2020-05-06,1131.6073475
2020-05-07,1116.26423375
2020-05-08,1101.9399404166668
2020-05-09,1037.5135175
2020-05-10,967.1639387499999
2020-05-11,1085.9031695833335
2020-05-12,1108.70047125
2020-05-13,1122.9786466666667
2020-05-14,1130.8960329166666
2020-05-15,1127.3777254166666
2020-05-16,1061.1707450000001
2020-05-17,1010.6595170833334
2020-05-18,1135.8317058333334
2020-05-19,1145.1132166666666
2020-05-20,1152.10574125
2020-05-21,1158.9332654166667
2020-05-22,1150.8208366666668
2020-05-23,1068.9183216666668
2020-05-24,1013.8028754166667
2020-05-25,1138.9539958333332
2020-05-26,1160.93236875
2020-05-27,1168.7582145416666
2020-05-28,1156.1768825416666
2020-05-29,1123.7991404583333
2020-05-30,1043.3415855833334
2020-05-31,988.8761519166666
2020-06-01,1117.259463875
2020-06-02,1151.6313307916666
2020-06-03,1149.4776637083335
2020-06-04,1153.9405982916667
2020-06-05,1154.6732795416667
2020-06-06,1078.3881574166667
2020-06-07,1021.7830041249999
2020-06-08,1169.221810625
2020-06-09,1170.3659119166666
2020-06-10,1169.6956734583334
2020-06-11,1161.9156345416666
2020-06-12,1145.6028509166667
2020-06-13,1051.05382775
2020-06-14,988.4188025833333
2020-06-15,1129.7864454166668
2020-06-16,1138.0638167916666
2020-06-17,1154.3005196249999
2020-06-18,1157.1332665416667
2020-06-19,1153.1260908333334
2020-06-20,1080.2507895833335
2020-06-21,1004.3737716666666
2020-06-22,1128.4754375
2020-06-23,1113.5512191666667
2020-06-24,1136.5076325
2020-06-25,1143.62712875
2020-06-26,1139.6539641666666
2020-06-27,1063.5906408333333
2020-06-28,993.0002845833333
2020-06-29,1151.209505
2020-06-30,1169.8379791666666
2020-07-01,1178.2611829166667
2020-07-02,1178.7721566666667
2020-07-03,1165.5072879166667
2020-07-04,1073.0793066666668
2020-07-05,1003.0207570833333
2020-07-06,1153.7980295833333
2020-07-07,1174.3971745833333
2020-07-08,1169.6568066666666
2020-07-09,1169.7678783333333
2020-07-10,1156.8530645833332
2020-07-11,1070.9067391666667
2020-07-12,1003.9492220833334
2020-07-13,1150.2108337500001
2020-07-14,1177.514625
2020-07-15,1181.04987625
2020-07-16,1186.0297887499999
2020-07-17,1174.68412625
2020-07-18,1084.5050766666666
2020-07-19,1003.7187025
2020-07-20,1151.75010625
2020-07-21,1183.7034616666667
2020-07-22,1184.97182125
2020-07-23,1186.3993229166667
2020-07-24,1186.5649495833334
2020-07-25,1094.6397808333334
2020-07-26,1012.316225
2020-07-27,1158.6036616666668
2020-07-28,1185.953125
2020-07-29,1190.1169895833334
2020-07-30,1183.5106420833333
2020-07-31,1173.9037766666668
2020-08-01,1079.64288625
2020-08-02,1004.58564375
2020-08-03,1157.33049875
2020-08-04,1182.6756791666667
2020-08-05,1190.95325625
2020-08-06,1188.0651829166666
2020-08-07,1173.20805875
2020-08-08,1082.2358679166666
2020-08-09,1009.3492691666667
2020-08-10,1162.8449791666667
2020-08-11,1182.8646375
2020-08-12,1187.1321541666666
2020-08-13,1182.5650679166667
2020-08-14,1189.0689666666667
2020-08-15,1078.9006825
2020-08-16,1002.2027483333333
2020-08-17,1163.8829841666668
2020-08-18,1184.59146625
2020-08-19,1194.3747679166665
2020-08-20,1199.2328366666668
2020-08-21,1191.9851908333333
2020-08-22,1102.2471233333333
2020-08-23,1020.6559233333334
2020-08-24,1186.3052933333333
2020-08-25,1196.4982233333333
2020-08-26,1203.7663970833335
2020-08-27,1174.8528116666666
2020-08-28,1199.3125991666666
2020-08-29,1105.11312375
2020-08-30,1027.1214891666666
2020-08-31,1196.9643745833334
2020-09-01,1213.6693054166667
2020-09-02,1224.4307741666667
2020-09-03,1224.461795
2020-09-04,1207.5386266666667
2020-09-05,1105.2842516666667
2020-09-06,1030.9619454166666
2020-09-07,1174.5971420833332
2020-09-08,1205.9755570833333
2020-09-09,1213.5131779166666
2020-09-10,1223.2693208333333
2020-09-11,1197.4892445833332
2020-09-12,1112.6230679166667
2020-09-13,1024.1655708333333
2020-09-14,1161.7435699999999
2020-09-15,1151.43009625
2020-09-16,1017.8991312500001
2020-09-17,1183.41295875
2020-09-18,1186.9634979166667
2020-09-19,1099.4023179166668
2020-09-20,1011.4160699999999
2020-09-21,1179.72394
2020-09-22,1195.9966320833335
2020-09-23,1208.0006254166667
2020-09-24,1181.1829679166667
2020-09-25,1203.0097016666666
2020-09-26,1100.0053908333332
2020-09-27,1022.5297041666666
2020-09-28,1174.80180875
2020-09-29,1200.1686779166666
2020-09-30,1180.4393025
2020-10-01,1181.23997125
2020-10-02,1159.4939379166667
2020-10-03,1084.6241904166666
2020-10-04,997.3570829166666
2020-10-05,1158.1526145833334
2020-10-06,1177.77416625
2020-10-07,1179.95619125
2020-10-08,1189.7961254166667
2020-10-09,1206.6691879166667
2020-10-10,1112.3788129166667
2020-10-11,1028.48224
2020-10-12,1197.0862591666667
2020-10-13,1230.4668458333333
2020-10-14,1219.92952375
2020-10-15,1214.0263920833333
2020-10-16,1197.0237054166666
2020-10-17,1099.92447625
2020-10-18,1025.6235670833332
2020-10-19,1184.8462479166667
2020-10-20,1219.4247970833333
2020-10-21,1217.7811975
2020-10-22,1213.7320758333333
2020-10-23,1196.7248
2020-10-24,1095.4403341666666
2020-10-25,1008.3671908333332
2020-10-26,1185.3715858333333
2020-10-27,1217.6328304166666
2020-10-28,1236.6667191666668
2020-10-29,1228.02429375
2020-10-30,1206.07936
2020-10-31,1110.5956729166667
2020-11-01,1055.46939
2020-11-01,1012.5808170833334
2020-11-02,1071.7026116666666
2020-11-03,1175.6777554166667
2020-11-04,1190.9416770833334
2020-11-05,1192.9663962500001
2020-11-06,1197.4607362499999
2020-11-07,1106.6733841666667
2020-11-08,1021.2822312499999
2020-11-09,1194.2921208333335
2020-11-10,1218.9334475
2020-11-11,1233.1853054166666
2020-11-12,1241.4424820833333
2020-11-13,1213.5154175
2020-11-14,1117.7764166666668
2020-11-15,1024.8313870833333
2020-11-16,1053.8506058333335
2020-11-17,1197.0004354166665
2020-11-18,1214.8116079166666
2020-11-19,1208.2676245833334
2020-11-20,1215.8839683333333
2020-11-21,1123.79246
2020-11-22,1029.7834445833334
2020-11-23,1186.66954125
2020-11-24,1211.9290899999999
2020-11-25,1222.8115191666668
2020-11-26,1226.92082
2020-11-27,1217.1117854166666
2020-11-28,1124.15130875
2020-11-29,1038.0489695833332
2020-11-30,1185.9954066666667
2020-12-01,1195.991405
2020-12-02,1196.7725433333333
2020-12-03,1194.8368220833333
2020-12-04,1196.9471104166666
2020-12-05,1107.3012154166665
2020-12-06,1029.33666625
2020-12-07,1184.8066204166666
2020-12-08,1212.7768829166666
2020-12-09,1210.6170529166668
2020-12-10,1210.5898695833332
2020-12-11,1210.4989316666667
2020-12-12,1100.40593875
2020-12-13,1035.0371108333334
2020-12-14,1191.8103495833334
2020-12-15,1212.9020254166667
2020-12-16,1218.9999320833333
2020-12-17,1213.3791754166666
2020-12-18,1202.1859487499999
2020-12-19,1097.8052558333334
2020-12-20,1014.9133604166667
2020-12-21,1152.6736758333334
2020-12-22,1163.2248766666667
2020-12-23,1151.8073849999998
2020-12-24,1071.9647633333334
2020-12-25,920.9339675
2020-12-26,1014.2642316666667
2020-12-27,974.1558691666668
2020-12-28,1061.9626729166666
2020-12-29,1102.2958758333334
2020-12-30,1101.3173754166667
2020-12-31,1036.3667841666668
2021-01-01,897.9094974999999
2021-01-02,978.5413716666667
2021-01-03,962.1695800000001
2021-01-04,1101.5896729166668
2021-01-05,1119.96251125
2021-01-06,1132.4192695833333
2021-01-07,1142.1601825
2021-01-08,1158.6347358333335
2021-01-09,1024.15809125
2021-01-10,962.7103420833333
2021-01-11,1092.3337070833334
2021-01-12,1110.9982225
2021-01-13,1118.9122258333334
2021-01-14,1116.7381575
2021-01-15,1110.8563075
2021-01-16,1031.30221
2021-01-17,973.6464787499999
2021-01-18,1091.7523633333333
2021-01-19,1119.7488883333333
2021-01-20,1125.0699633333334
2021-01-21,1118.9194345833332
2021-01-22,1120.0657804166667
2021-01-23,1013.6525433333333
2021-01-24,972.5084275
2021-01-25,1111.5012441666665
2021-01-26,1133.1132266666666
2021-01-27,1134.0577820833334
2021-01-28,1124.05524625
2021-01-29,1116.33418375
2021-01-30,1040.0606204166668
2021-01-31,965.1638308333332
2021-02-01,998.42506625
2021-02-02,1098.1485725
2021-02-03,1129.72295625
2021-02-04,1144.98308125
2021-02-05,1128.9200695833333
2021-02-06,1060.2630558333333
2021-02-07,988.4570691666667
2021-02-08,1129.6768570833333
2021-02-09,1157.34153
2021-02-10,1171.9242991666667
2021-02-11,1153.93317125
2021-02-12,1142.84251875
2021-02-13,1051.9738808333334
2021-02-14,979.1284491666667
2021-02-15,1112.4222454166668
2021-02-16,1121.1155375
2021-02-17,1146.6877145833334
2021-02-18,1143.0126945833333
2021-02-19,1136.3382170833333
2021-02-20,1055.7770691666667
2021-02-21,988.6344795833334
2021-02-22,1130.64362125
2021-02-23,1150.32541625
2021-02-24,1165.6572262500001
2021-02-25,1176.4316979166667
2021-02-26,1159.5780933333333
2021-02-27,1089.7471254166667
2021-02-28,1024.392935
2021-03-01,1167.57619875
2021-03-02,1164.76451625
2021-03-03,1202.0968341666667
2021-03-04,1206.1052925000001
2021-03-05,1197.6617008333335
2021-03-06,1101.8777108333334
2021-03-07,1017.2452654166667
2021-03-08,1148.8931641666666
2021-03-09,1166.9559604166666
2021-03-10,1176.7541495833334
2021-03-11,1185.3093008333333
2021-03-12,1183.5856479166666
2021-03-13,1091.8999866666666
2021-03-14,1024.2130820833333
2021-03-15,1047.4522212499999
2021-03-16,1175.3715975
2021-03-17,1203.9941649999998
2021-03-18,1186.1398758333332
2021-03-19,1155.7077154166666
2021-03-20,1052.3546008333333
2021-03-21,981.3209604166667
2021-03-22,1141.9952074999999
2021-03-23,1167.2058666666667
2021-03-24,1170.2927970833334
2021-03-25,1185.5087966666667
2021-03-26,1202.2793054166666
2021-03-27,1114.0592391666667
2021-03-28,1040.4294479166667
2021-03-29,1168.0071366666666
2021-03-30,1184.5850420833333
2021-03-31,1163.5322691666668
2021-04-01,1051.4595633333333
2021-04-02,977.43497375
2021-04-03,980.1103170833334
2021-04-04,953.9900145833334
2021-04-05,1122.741095
2021-04-06,1163.99891125
2021-04-07,1155.3381316666666
2021-04-08,1179.1341570833333
2021-04-09,1180.9715070833333
2021-04-10,1087.6113916666666
2021-04-11,1016.1653966666667
2021-04-12,1192.1838904166666
2021-04-13,1213.0154258333334
2021-04-14,1200.3404833333334
2021-04-15,1198.0777195833334
2021-04-16,1207.2444816666666
2021-04-17,1112.2432033333332
2021-04-18,1023.50013875
2021-04-19,1151.2854920833333
2021-04-20,1197.2770845833334
2021-04-21,1198.5480583333333
2021-04-22,1192.139205
2021-04-23,1191.7550216666666
2021-04-24,1102.6261054166666
2021-04-25,1025.6294604166667
2021-04-26,1200.8787245833335
2021-04-27,1221.6044229166666
2021-04-28,1212.2661645833334
2021-04-29,1222.7702104166667
2021-04-30,1213.2104000000002
2021-05-01,1041.6993316666667
2021-05-02,999.5577233333333
2021-05-03,1164.4208270833333
2021-05-04,1200.4301308333334
2021-05-05,1188.72360125
2021-05-06,1168.3180329166667
2021-05-07,1159.9323316666666
2021-05-08,1064.2947175
2021-05-09,993.8958829166667
2021-05-10,1096.2414350000001
2021-05-11,1172.3885341666667
2021-05-12,1182.3664875
2021-05-13,1150.1492545833332
2021-05-14,1145.3699708333334
2021-05-15,1064.4946370833334
2021-05-16,983.0767991666667
2021-05-17,1145.0691579166667
2021-05-18,1160.0127970833335
2021-05-19,1162.1821966666666
2021-05-20,1158.6768779166666
2021-05-21,1159.4735541666666
2021-05-22,1070.5019320833333
2021-05-23,1003.38273875
2021-05-24,1161.97943375
2021-05-25,1184.5877325
2021-05-26,1189.4293204166668
2021-05-27,1197.63854625
2021-05-28,1203.9485466666667
2021-05-29,1103.2484058333332
2021-05-30,1019.4601804166667
2021-05-31,1191.5887945833333
2021-06-01,1200.05520375
2021-06-02,1197.9952441666667
2021-06-03,1182.8019541666665
2021-06-04,1171.9421412499998
2021-06-05,1075.3972125
2021-06-06,992.2281495833334
2021-06-07,1168.4240895833334
2021-06-08,1195.5388470833334
2021-06-09,1207.73586875
2021-06-10,1180.5448275
2021-06-11,1161.0802754166666
2021-06-12,1072.6869645833333
2021-06-13,994.6906354166667
2021-06-14,1154.5548941666666
2021-06-15,1166.1771670833334
2021-06-16,1165.1639533333334
2021-06-17,1166.3386316666667
2021-06-18,1157.24834625
2021-06-19,1061.342215
2021-06-20,984.4139070833334
2021-06-21,1167.8211670833332
2021-06-22,1203.7406041666666
2021-06-23,1151.6123875
2021-06-24,1155.2412220833332
2021-06-25,1165.1364654166666
2021-06-26,1070.8737404166666
2021-06-27,992.8490054166667
2021-06-28,1154.8585966666667
2021-06-29,1186.9997275
2021-06-30,1182.6224075
2021-07-01,1183.6764074999999
2021-07-02,1193.9808366666666
2021-07-03,1070.39577875
2021-07-04,993.9011866666666
2021-07-05,1155.6750933333333
2021-07-06,1188.3209329166666
2021-07-07,1192.4764879166667
2021-07-08,1191.9655341666667
2021-07-09,1184.6736329166667
2021-07-10,1083.0271066666667
2021-07-11,1003.0340066666666
2021-07-12,1150.7843091666666
2021-07-13,1192.798295
2021-07-14,1178.6740179166666
2021-07-15,1172.8302125
2021-07-16,1163.4862420833333
2021-07-17,1077.99338375
2021-07-18,1002.6228179166666
2021-07-19,1155.4723704166665
2021-07-20,1184.8141545833334
2021-07-21,1185.1049704166667
2021-07-22,1172.10533375
2021-07-23,1150.1234129166667
2021-07-24,1060.5054958333333
2021-07-25,989.51524125
2021-07-26,1140.3497895833334
2021-07-27,1152.9854354166666
2021-07-28,1179.8000762499998
2021-07-29,1175.6302479166668
2021-07-30,1158.4400645833332
2021-07-31,1058.9127283333335
2021-08-01,994.1652016666667
2021-08-02,1145.6585691666667
2021-08-03,1173.8402645833332
2021-08-04,1180.2753466666666
2021-08-05,1190.7995516666667
2021-08-06,1185.6991566666668
2021-08-07,1087.40092625
2021-08-08,1015.5187237499999
2021-08-09,1156.8943920833333
2021-08-10,1180.01892
2021-08-11,1184.5907583333333
2021-08-12,1176.3249891666667
2021-08-13,1176.4047095833332
2021-08-14,1083.7592312499999
2021-08-15,1005.83051875
2021-08-16,1166.2118629166666
2021-08-17,1198.03102375
2021-08-18,1197.3329545833333
2021-08-19,1206.1541033333333
2021-08-20,1182.6540954166667
2021-08-21,1088.7688074999999
2021-08-22,1016.1828204166667
2021-08-23,1160.0014654166666
2021-08-24,1182.0863558333333
2021-08-25,1182.8283416666666
2021-08-26,1175.4725616666667
2021-08-27,1168.73942375
2021-08-28,1083.0614316666667
2021-08-29,1021.4264374999999
2021-08-30,1176.6932370833333
2021-08-31,1171.5703583333334
2021-09-01,1190.13521875
2021-09-02,1184.6679816666667
2021-09-03,1173.5709041666667
2021-09-04,1085.3971079166665
2021-09-05,1016.1014966666667
2021-09-06,1182.7909704166666
2021-09-07,1177.0898558333333
2021-09-08,1185.8536474999999
2021-09-09,1203.71339625
2021-09-10,1191.17027125
2021-09-11,1096.9670108333332
2021-09-12,1028.53225
2021-09-13,1187.7213166666668
2021-09-14,1222.57588625
2021-09-15,1177.0854441666668
2021-09-16,1012.8922204166666
2021-09-17,1161.6919137500001
2021-09-18,1091.562475
2021-09-19,1039.9106637500001
2021-09-20,1195.8564945833334
2021-09-21,1214.65003875
2021-09-22,1206.5008558333334
2021-09-23,1199.399565
2021-09-24,1198.7170579166666
2021-09-25,1108.7591608333335
2021-09-26,1034.3919724999998
2021-09-27,1184.72027375
2021-09-28,1204.0816254166666
2021-09-29,1207.8550691666667
2021-09-30,1211.68240375
2021-10-01,1201.5263154166666
2021-10-02,1100.0152966666667
2021-10-03,1029.742985
2021-10-04,1187.7720345833334
2021-10-05,1211.5619220833335
2021-10-06,1214.2723441666667
2021-10-07,1208.5010954166667
2021-10-08,1197.0080095833334
2021-10-09,1105.3061833333334
2021-10-10,1033.1645829166666
2021-10-11,1205.8350770833333
2021-10-12,1225.9266137500001
2021-10-13,1235.00427125
2021-10-14,1247.128725
2021-10-15,1232.8839416666667
2021-10-16,1111.4302108333334
2021-10-17,1021.9002745833333
2021-10-18,1184.9390075
2021-10-19,1211.0318625
2021-10-20,1225.55228
2021-10-21,1228.76532
2021-10-22,1213.30798625
2021-10-23,1106.1422412499999
2021-10-24,1041.2685808333333
2021-10-25,1206.3088629166666
2021-10-26,1226.2197141666668
2021-10-27,1232.6363025
2021-10-28,1230.3581662499998
2021-10-29,1208.4166966666667
2021-10-30,1096.8256116666666
2021-10-31,1012.70854125
2021-11-01,996.48893
2021-11-01,1132.71265625
2021-11-02,1079.0659470833332
2021-11-03,1186.3572633333333
2021-11-04,1207.0252466666668
2021-11-05,1202.2700137499999
2021-11-06,1097.7791975
2021-11-07,1019.2856324999999
2021-11-08,1187.96172875
2021-11-09,1207.78813875
2021-11-10,1210.4415754166666
2021-11-11,1214.24965125
2021-11-12,1198.3552166666666
2021-11-13,1088.5311095833333
2021-11-14,1002.59489875
2021-11-15,1043.3832116666665
2021-11-16,1189.9095995833334
2021-11-17,1208.9174870833333
2021-11-18,1216.1424095833333
2021-11-19,1213.2051058333334
2021-11-20,1109.1812416666667
2021-11-21,1030.6737825
2021-11-22,1199.09307875
2021-11-23,1215.2104408333332
2021-11-24,1228.2380391666668
2021-11-25,1227.1722470833333
2021-11-26,1212.1757645833334
2021-11-27,1108.0542625
2021-11-28,1036.5885391666668
2021-11-29,1197.4057179166666
2021-11-30,1217.91907
2021-12-01,1223.4190254166667
2021-12-02,1224.0417049999999
2021-12-03,1209.86898125
2021-12-04,1111.1406720833334
2021-12-05,1033.1822779166666
2021-12-06,1204.5779704166666
2021-12-07,1227.4876741666667
2021-12-08,1210.8892541666667
2021-12-09,1231.6171595833332
2021-12-10,1222.4641987500002
2021-12-11,1119.8352308333333
2021-12-12,1032.4179741666667
2021-12-13,1203.7502608333334
2021-12-14,1220.7284641666668
2021-12-15,1225.2762412499999
2021-12-16,1225.9019179166667
2021-12-17,1217.5558341666667
2021-12-18,1120.4960370833335
2021-12-19,1047.8489020833333
2021-12-20,1191.6398816666667
2021-12-21,1198.6470641666667
2021-12-22,1190.1416287499999
2021-12-23,1175.5686383333334
2021-12-24,1088.29382875
2021-12-25,929.91092375
2021-12-26,987.2256166666666
2021-12-27,1135.8828108333335
2021-12-28,1156.3253825
2021-12-29,1147.74979
2021-12-30,1136.15025
2021-12-31,1068.1862208333334
2022-01-01,923.4208874999999
2022-01-02,983.3502983333333
2022-01-03,1152.28180125
2022-01-04,1190.68107875
2022-01-05,1193.1357325000001
2022-01-06,1189.42361625
2022-01-07,1194.1536187499999
2022-01-08,1099.0311804166665
2022-01-09,1026.2927666666667
2022-01-10,1182.20982125
2022-01-11,1187.2436445833334
2022-01-12,1193.1483866666667
2022-01-13,1184.2768583333334
2022-01-14,1177.36950375
2022-01-15,1089.0409920833333
2022-01-16,1022.05647625
2022-01-17,1168.7014875
2022-01-18,1188.1128304166666
2022-01-19,1185.00455625
2022-01-20,1169.7716566666666
2022-01-21,1182.3841016666668
2022-01-22,1097.8077616666667
2022-01-23,1020.1058870833334
2022-01-24,1175.6521083333334
2022-01-25,1194.44935625
2022-01-26,1196.0251420833333
2022-01-27,1201.046605
2022-01-28,1194.4779420833333
2022-01-29,1095.8268083333335
2022-01-30,1019.264875
2022-01-31,1179.61695625
2022-02-01,1197.0245937500001
2022-02-02,1203.2930395833334
2022-02-03,1210.7348579166667
2022-02-04,1199.7543670833334
2022-02-05,1092.1480404166666
2022-02-06,1007.7775679166666
2022-02-07,1042.2353833333334
2022-02-08,1184.5462758333333
2022-02-09,1202.3288599999998
2022-02-10,1201.1471216666666
2022-02-11,1196.7435666666668
2022-02-12,1103.2928458333333
2022-02-13,1032.7521308333332
2022-02-14,1179.4078200000001
2022-02-15,1200.12640375
2022-02-16,1211.4663858333333
2022-02-17,1212.0297170833333
2022-02-18,1208.1133737500002
2022-02-19,1109.8460762500001
2022-02-20,1031.5676804166667
2022-02-21,1197.6239179166666
2022-02-22,1223.9084179166666
2022-02-23,1232.0917233333332
2022-02-24,1228.9526962500001
2022-02-25,1219.2571941666667
2022-02-26,1113.461075
2022-02-27,1035.01624875
2022-02-28,1190.2426854166667
2022-03-01,1207.3503170833333
2022-03-02,1206.5924525
2022-03-03,1228.1281416666668
2022-03-04,1217.1408645833333
2022-03-05,1119.96634
2022-03-06,1044.41671625
2022-03-07,1224.60193
2022-03-08,1236.0166304166667
2022-03-09,1236.0652354166666
2022-03-10,1240.2938875
2022-03-11,1234.6849283333333
2022-03-12,1129.0985808333332
2022-03-13,1041.9579541666667
2022-03-14,1229.6646883333333
2022-03-15,1243.7012075
2022-03-16,1231.3748583333333
2022-03-17,1232.9364091666666
2022-03-18,1230.0362695833335
2022-03-19,1126.29790875
2022-03-20,1035.88337625
2022-03-21,1076.492525
2022-03-22,1225.98039875
2022-03-23,1240.0587558333334
2022-03-24,1236.4467020833333
2022-03-25,1213.0691616666666
2022-03-26,1106.8544266666665
2022-03-27,1030.6097370833334
2022-03-28,1212.58320875
2022-03-29,1254.0768158333333
2022-03-30,1272.0702270833333
2022-03-31,1273.9730733333333
2022-04-01,1271.18817625
2022-04-02,1163.4776179166668
2022-04-03,1071.386935
2022-04-04,1250.6440225
2022-04-05,1287.2799499999999
2022-04-06,1291.2086408333332
2022-04-07,1268.5229308333335
2022-04-08,1236.1960016666667
2022-04-09,1115.3562425
2022-04-10,1027.5344558333334
2022-04-11,1205.5785704166667
2022-04-12,1232.0037516666666
2022-04-13,1216.58728125
2022-04-14,1114.9190545833333
2022-04-15,1049.1325575
2022-04-16,1059.8827283333333
2022-04-17,1049.5414158333333
2022-04-18,1263.3225708333332
2022-04-19,1283.5726841666667
2022-04-20,1263.849675
2022-04-21,1267.2781058333333
2022-04-22,1233.7235820833332
2022-04-23,1129.3616133333333
2022-04-24,1067.2242604166665
2022-04-25,1237.9699283333332
2022-04-26,1234.7327191666666
2022-04-27,1236.55395125
2022-04-28,1234.5443175
2022-04-29,1234.9247679166667
2022-04-30,1138.4127834782607
2022-05-01,1047.6746729166666
2022-05-02,1246.1478466666667
2022-05-03,1280.3853891666665
2022-05-04,1274.3323175
2022-05-05,1291.16511875
2022-05-06,1300.1160870833335
2022-05-07,1162.34285
2022-05-08,1091.85979
2022-05-09,1273.7067966666666
2022-05-10,1233.1311470833334
2022-05-11,1272.8907783333334
2022-05-12,1269.7650766666668
2022-05-13,1271.1068725
2022-05-14,1157.90005875
2022-05-15,1073.6978566666667
2022-05-16,1250.5449329166665
2022-05-17,1280.1644908333333
2022-05-18,1289.4496733333333
2022-05-19,1283.8761520833334
2022-05-20,1279.4257004166668
2022-05-21,1168.9779575
2022-05-22,1080.4699783333333
2022-05-23,1243.75064125
2022-05-24,1268.7749875
2022-05-25,1275.00135875
2022-05-26,1288.7062925
2022-05-27,1268.03195375
2022-05-28,1154.4170295833335
2022-05-29,1087.4706033333334
2022-05-30,1284.457285
2022-05-31,1284.4213233333332
2022-06-01,1272.7398791666667
2022-06-02,1255.9631304166667
2022-06-03,1255.5157320833334
2022-06-04,1148.9129679166665
2022-06-05,1080.8014154166667
2022-06-06,1255.7980975
2022-06-07,1278.5188291666666
2022-06-08,1294.6609483333334
2022-06-09,1269.96422
2022-06-10,1247.9932445833333
2022-06-11,1137.1466004166666
2022-06-12,1055.2461891666667
2022-06-13,1222.89226375
2022-06-14,1253.54657375
2022-06-15,1255.1739445833334
2022-06-16,1231.2795054166666
2022-06-17,1222.5109220833333
2022-06-18,1116.40595625
2022-06-19,1028.5750150000001
2022-06-20,1189.0742979166666
2022-06-21,1231.5444158333332
2022-06-22,1217.2256629166666
2022-06-23,1208.8810916666666
2022-06-24,1218.5380591666667
2022-06-25,1115.7199808333332
2022-06-26,1028.4631383333333
2022-06-27,1203.48121875
2022-06-28,1224.9663858333333
2022-06-29,1223.0931962500001
2022-06-30,1231.0873845833332
2022-07-01,1240.3550879166667
2022-07-02,1128.72004625
2022-07-03,1051.0259679166668
2022-07-04,1216.20621
2022-07-05,1243.8790308333334
2022-07-06,1234.1445708333333
2022-07-07,1233.8478725
2022-07-08,1228.4623325
2022-07-09,1123.1349916666666
2022-07-10,1037.6254116666667
2022-07-11,1220.6464370833332
2022-07-12,1233.7706183333332
2022-07-13,1243.564005
2022-07-14,1236.2422645833333
2022-07-15,1218.6031354166666
2022-07-16,1109.8605275
2022-07-17,1033.7137454166666
2022-07-18,1186.0929479166666
2022-07-19,1218.660615
2022-07-20,1241.6356258333333
2022-07-21,1244.1148070833333
2022-07-22,1242.2445570833333
2022-07-23,1123.6824033333335
2022-07-24,1037.6513733333334
2022-07-25,1205.9555025
2022-07-26,1235.5750766666667
2022-07-27,1229.9945166666666
2022-07-28,1209.1175083333335
2022-07-29,1203.7960620833333
2022-07-30,1093.2286362500001
2022-07-31,1017.1680920833334
2022-08-01,1186.2962091666666
2022-08-02,1218.8690741666667
2022-08-03,1220.2720816666667
2022-08-04,1234.4728545833334
2022-08-05,1214.7575145833332
2022-08-06,1111.1984995833334
2022-08-07,1030.8788870833334
2022-08-08,1200.6489575
2022-08-09,1221.3035470833333
2022-08-10,1221.7074020833334
2022-08-11,1232.4693770833335
2022-08-12,1226.48411
2022-08-13,1116.94068125
2022-08-14,1028.53463625
2022-08-15,1206.3472291666667
2022-08-16,1224.1731570833333
2022-08-17,1228.3517791666666
2022-08-18,1236.7367416666666
2022-08-19,1207.7630900000001
2022-08-20,1105.5564725
2022-08-21,1025.62554125
2022-08-22,1203.90886125
2022-08-23,1233.0724454166666
2022-08-24,1239.4642208333332
2022-08-25,1238.19712125
2022-08-26,1230.67129875
2022-08-27,1122.2954141666667
2022-08-28,1062.5707175
2022-08-29,1238.0641325
2022-08-30,1263.2166316666667
2022-08-31,1268.4502995833334
2022-09-01,1262.97839
2022-09-02,1253.6672170833333
2022-09-03,1140.20491875
2022-09-04,1055.7501595833335
2022-09-05,1235.7960466666666
2022-09-06,1270.524675
2022-09-07,1254.6326770833332
2022-09-08,1250.9143879166666
2022-09-09,1223.2547991666668
2022-09-10,1126.6526816666667
2022-09-11,1052.8670341666666
2022-09-12,1219.0249141666666
2022-09-13,1240.7692229166666
2022-09-14,1242.2326379166668
2022-09-15,1181.2793125
2022-09-16,1005.44743875
2022-09-17,1072.4618316666667
2022-09-18,1049.2388716666667
2022-09-19,1195.95953375
2022-09-20,1233.5994045833334
2022-09-21,1245.1913570833333
2022-09-22,1243.8361529166666
2022-09-23,1244.1454366666667
2022-09-24,1151.44474375
2022-09-25,1058.21825625
2022-09-26,1215.1447604166667
2022-09-27,1215.8321808333333
2022-09-28,1224.9531804166666
2022-09-29,1214.79796375
2022-09-30,1199.443175
2022-10-01,1100.4871145833333
2022-10-02,1024.9318729166666
2022-10-03,1195.128125
2022-10-04,1231.11874625
2022-10-05,1236.2630091666667
2022-10-06,1238.7633804166667
2022-10-07,1219.5479004166666
2022-10-08,1111.2426620833332
2022-10-09,1032.8642629166668
2022-10-10,1191.5389358333334
2022-10-11,1225.8727579166666
2022-10-12,1233.6321170833332
2022-10-13,1241.1958758333333
2022-10-14,1226.3788562500001
2022-10-15,1131.2090783333333
2022-10-16,1054.8012466666667
2022-10-17,1244.0896033333333
2022-10-18,1255.8721154166667
2022-10-19,1241.2903795833333
2022-10-20,1228.5148275
2022-10-21,1222.8269816666668
2022-10-22,1130.28710625
2022-10-23,1063.6161691666666
2022-10-24,1235.1234470833333
2022-10-25,1265.3909154166665
2022-10-26,1289.3005108333334
2022-10-27,1283.8850583333333
2022-10-28,1271.6521616666666
2022-10-29,1149.1808341666667
2022-10-30,1070.5942404166667
2022-10-31,1228.3602620833333
2022-11-01,1106.82401
2022-11-01,1224.6112033333334
2022-11-02,1133.5953704166666
2022-11-03,1226.3727041666666
2022-11-04,1233.8756741666666
2022-11-05,1134.628925
2022-11-06,1053.7343920833334
2022-11-07,1222.1169845833333
2022-11-08,1246.9946625
2022-11-09,1243.0284708333334
2022-11-10,1247.501555
2022-11-11,1238.866825
2022-11-12,1136.4735254166667
2022-11-13,1050.2787470833334
2022-11-14,1236.4556454166666
2022-11-15,1258.1415479166667
2022-11-16,1257.0238795833334
2022-11-17,1251.8987691666666
2022-11-18,1241.28677
2022-11-19,1123.6746379166666
2022-11-20,1026.6922954166666
2022-11-21,1050.3126195833333
2022-11-22,1208.0549341666667
2022-11-23,1231.5116595833333
2022-11-24,1233.1100129166666
2022-11-25,1202.7375933333333
2022-11-26,1115.0138245833334
2022-11-27,1054.118725
2022-11-28,1224.2118129166668
2022-11-29,1242.6380170833334
2022-11-30,1249.0500583333333
2022-12-01,1241.0635645833333
2022-12-02,1230.8592945833334
2022-12-03,1134.91828125
2022-12-04,1047.2414870833334
2022-12-05,1206.9315695833334
2022-12-06,1234.3525145833335
2022-12-07,1233.33723875
2022-12-08,1225.0261395833334
2022-12-09,1222.1423683333335
2022-12-10,1117.5394475
2022-12-11,1042.4482958333333
2022-12-12,1156.8063854166667
2022-12-13,1226.2849633333333
2022-12-14,1235.5037766666667
2022-12-15,1233.1931266666668
2022-12-16,1224.2189345833333
2022-12-17,1118.2810837499999
2022-12-18,1044.3747708333333
2022-12-19,1196.9079908333333
2022-12-20,1212.2849408333334
2022-12-21,1204.5859129166668
2022-12-22,1205.2328033333333
2022-12-23,1172.27755125
2022-12-24,1046.9470975
2022-12-25,935.1943245833332
2022-12-26,1115.6301766666668
2022-12-27,1142.6110345833333
2022-12-28,1145.1250095833334
2022-12-29,1139.2818037499999
2022-12-30,1123.38840875
2022-12-31,1030.6091741666667
2023-01-01,916.5229645833333
2023-01-02,1124.41994625
2023-01-03,1180.4657025
2023-01-04,1192.7592079166668
2023-01-05,1193.1658820833334
2023-01-06,1171.34098
2023-01-07,1086.1624520833334
2023-01-08,1015.5845679166667
2023-01-09,1186.58352375
2023-01-10,1208.1954583333334
2023-01-11,1209.2351204166666
2023-01-12,1212.96136875
2023-01-13,1206.08292875
2023-01-14,1096.1736575
2023-01-15,1024.7407129166666
2023-01-16,1195.1435566666667
2023-01-17,1220.49413375
2023-01-18,1224.2821462499999
2023-01-19,1222.8851908333334
2023-01-20,1214.2240908333333
2023-01-21,1109.2867724999999
2023-01-22,1030.804255
2023-01-23,1203.6346425
2023-01-24,1225.8092195833333
2023-01-25,1226.9826608333333
2023-01-26,1224.0606895833332
2023-01-27,1207.9964491666667
2023-01-28,1106.6421149999999
2023-01-29,1028.70080875
2023-01-30,1200.5281125
2023-01-31,1225.3781495833334
2023-02-01,1227.5139420833332
2023-02-02,1224.6872595833333
2023-02-03,1199.46495
2023-02-04,1084.9727645833334
2023-02-05,981.2751954166666
2023-02-06,1042.5830720833333
2023-02-07,1200.4215008333333
2023-02-08,1225.23899125
2023-02-09,1224.3152400000001
2023-02-10,1216.0602854166666
2023-02-11,1104.3613854166667
2023-02-12,1027.8011283333333
2023-02-13,1208.6192250000001
2023-02-14,1239.2283304166667
2023-02-15,1246.1896479166667
2023-02-16,1254.60099875
2023-02-17,1238.9293770833333
2023-02-18,1109.16711125
2023-02-19,1033.2189495833334
2023-02-20,1208.9811183333334
2023-02-21,1228.4932729166667
2023-02-22,1222.5666583333334
2023-02-23,1219.8497049999999
2023-02-24,1228.5373375
2023-02-25,1118.1196579166667
2023-02-26,1048.1150391666667
2023-02-27,1228.8184733333335
2023-02-28,1259.1259854166667
2023-03-01,1263.0516633333334
2023-03-02,1262.5264604166666
2023-03-03,1256.2662616666667
2023-03-04,1146.0336925
2023-03-05,1068.0379079166667
2023-03-06,1252.6917904166667
2023-03-07,1270.9356774999999
2023-03-08,1260.2193608333334
2023-03-09,1266.4646595833333
2023-03-10,1255.9230654166665
2023-03-11,1138.9502391666667
2023-03-12,1048.1730770833333
2023-03-13,1215.9734291666666
2023-03-14,1243.1486045833333
2023-03-15,1238.1179241666666
2023-03-16,1221.04141875
2023-03-17,1215.9604358333333
2023-03-18,1107.443135
2023-03-19,1005.5606204166667
2023-03-20,1039.6220725
2023-03-21,1207.2773916666667
2023-03-22,1230.7232975
2023-03-23,1263.11131875
2023-03-24,1248.2407254166667
2023-03-25,1158.4889125
2023-03-26,1060.9216641666667
2023-03-27,1264.52599375
2023-03-28,1286.3570575
2023-03-29,1266.0292170833334
2023-03-30,1256.87553875
2023-03-31,1260.33633875
2023-04-01,1154.1247541666667
2023-04-02,1047.09064125
2023-04-03,1248.2387420833334
2023-04-04,1260.35328375
2023-04-05,1245.3503354166667
2023-04-06,1125.0087350000001
2023-04-07,1052.3701058333334
2023-04-08,1047.3219025
2023-04-09,1022.8476833333333
2023-04-10,1212.8440945833333
2023-04-11,1215.5901970833334
2023-04-12,1219.8861629166665
2023-04-13,1200.9060154166666
2023-04-14,1228.3212195833332
2023-04-15,1129.0268420833333
2023-04-16,1053.0322291666666
2023-04-17,1225.8825516666666
2023-04-18,1262.1441925
2023-04-19,1276.1788966666666
2023-04-20,1284.6630149999999
2023-04-21,1274.5696683333333
2023-04-22,1155.5225716666666
2023-04-23,1067.4304416666666
2023-04-24,1265.4296891666665
2023-04-25,1290.4038195833334
2023-04-26,1300.830025
2023-04-27,1302.5026604166667
2023-04-28,1283.8376533333333
2023-04-29,1156.9160158333332
2023-04-30,1053.0976395833334
2023-05-01,1089.64766625
2023-05-02,1279.2225733333332
2023-05-03,1309.3725837499999
2023-05-04,1313.3608066666668
2023-05-05,1281.1266616666667
2023-05-06,1169.5805170833335
2023-05-07,1085.4324370833333
2023-05-08,1249.35067375
2023-05-09,1259.1142170833334
2023-05-10,1195.675655
2023-05-11,1251.7016145833334
2023-05-12,1251.5770583333333
2023-05-13,1135.614035
2023-05-14,1041.99430125
2023-05-15,1214.1742108333333
2023-05-16,1232.9437416666667
2023-05-17,1245.14112875
2023-05-18,1263.4004695833335
2023-05-19,1242.9918658333333
2023-05-20,1135.2819966666666
2023-05-21,1061.2393037499999
2023-05-22,1240.13166875
2023-05-23,1260.39732625
2023-05-24,1272.298615
2023-05-25,1283.4530954166667
2023-05-26,1276.7999033333333
2023-05-27,1157.7939270833333
2023-05-28,1072.6631433333334
2023-05-29,1229.5180170833335
2023-05-30,1261.3444641666667
2023-05-31,1279.4780820833332
2023-06-01,1305.4114029166667
2023-06-02,1308.5255908333334
2023-06-03,1193.2799729166666
2023-06-04,1104.9714979166667
2023-06-05,1299.1182520833333
2023-06-06,1270.7072625
2023-06-07,1312.6716441666667
2023-06-08,1300.3514908333334
2023-06-09,1300.5156770833335
2023-06-10,1193.7243104166666
2023-06-11,1130.4177366666665
2023-06-12,1307.81547125
2023-06-13,1345.0073025
2023-06-14,1371.06608625
2023-06-15,1376.0084333333334
2023-06-16,1374.5529116666667
2023-06-17,1227.374075
2023-06-18,1133.6876125000001
2023-06-19,1349.8234295833333
2023-06-20,1371.5991858333334
2023-06-21,1376.4279229166666
2023-06-22,1368.5452620833332
2023-06-23,1338.7457225
2023-06-24,1195.0348266666667
2023-06-25,1106.4646866666667
2023-06-26,1277.0614466666666
2023-06-27,1283.1297520833334
2023-06-28,1327.8301891666667
2023-06-29,1322.4438145833333
2023-06-30,1308.4549895833334
2023-07-01,1180.6211966666667
2023-07-02,1101.1412958333333
2023-07-03,1301.072635
2023-07-04,1328.9364333333333
2023-07-05,1331.2986333333333
2023-07-06,1325.6162529166666
2023-07-07,1303.5834883333334
2023-07-08,1182.3201504166666
2023-07-09,1062.2421375000001
2023-07-10,1247.9506604166666
2023-07-11,1259.5244404166667
2023-07-12,1257.8820995833332
2023-07-13,1261.6360570833333
2023-07-14,1249.7892341666668
2023-07-15,1155.0558666666666
2023-07-16,1055.05717375
2023-07-17,1239.6879970833334
2023-07-18,1260.764545
2023-07-19,1258.6336987500001
2023-07-20,1260.1903216666667
2023-07-21,1254.7647270833334
2023-07-22,1135.0317845833333
2023-07-23,1052.6982291666666
2023-07-24,1216.38153625
2023-07-25,1244.9086095833334
2023-07-26,1243.5478066666667
2023-07-27,1226.93492125
2023-07-28,1213.22419375
2023-07-29,1107.5186554166667
2023-07-30,1021.3768812500001
2023-07-31,1206.8975175
2023-08-01,1235.8790508333334
2023-08-02,1237.0403516666668
2023-08-03,1236.4918229166667
2023-08-04,1226.5502645833333
2023-08-05,1117.8153308333333
2023-08-06,1041.3574458333333
2023-08-07,1238.0518695833332
2023-08-08,1273.89340875
2023-08-09,1286.0620833333335
2023-08-10,1293.7077258333334
2023-08-11,1263.76127375
2023-08-12,1143.4471004166667
2023-08-13,1051.2949116666666
2023-08-14,1236.58927
2023-08-15,1236.6438925
2023-08-16,1233.7516166666667
2023-08-17,1233.52222875
2023-08-18,1237.1670550000001
2023-08-19,1120.3209395833335
2023-08-20,1025.17668
2023-08-21,1209.6075925
2023-08-22,1239.4482795833333
2023-08-23,1233.5740283333334
2023-08-24,1231.9015445833334
2023-08-25,1215.3763604166668
2023-08-26,1096.0407125
2023-08-27,1043.46418375
2023-08-28,1224.0459825
2023-08-29,1249.7984191666667
2023-08-30,1261.3662358333333
2023-08-31,1268.5235020833334
2023-09-01,1242.3803195833334
2023-09-02,1137.242385
2023-09-03,1064.2388941666666
2023-09-04,1210.24027375
2023-09-05,1275.1607975
2023-09-06,1277.76821125
2023-09-07,1273.3690358333333
2023-09-08,1259.1536241666665
2023-09-09,1139.08236125
2023-09-10,1061.14293375
2023-09-11,1238.87582125
2023-09-12,1262.7075216666667
2023-09-13,1277.1163391666666
2023-09-14,1281.8218658333333
2023-09-15,1209.5456991666667
2023-09-16,1006.6902216666667
2023-09-17,1051.8843991666665
2023-09-18,1243.3001679166666
2023-09-19,1271.0715916666666
2023-09-20,1286.39130125
2023-09-21,1293.0085216666666
2023-09-22,1291.8647308333334
2023-09-23,1184.0711795833333
2023-09-24,1099.4135891666667
2023-09-25,1263.7095916666667
2023-09-26,1284.4033491666667
2023-09-27,1289.03173
2023-09-28,1293.4061945833334
2023-09-29,1269.4433470833333
2023-09-30,1154.69649
2023-10-01,1099.1070170833334
2023-10-02,1285.16448625
2023-10-03,1311.6887104166667
2023-10-04,1305.3944333333334
2023-10-05,1310.8698154166666
2023-10-06,1293.8587445833334
2023-10-07,1173.9176991666666
2023-10-08,1079.874225
2023-10-09,1242.4499954166665
2023-10-10,1232.8264470833335
2023-10-11,1271.7495291666667
2023-10-12,1278.3100966666666
2023-10-13,1285.6740325
2023-10-14,1164.7509270833332
2023-10-15,1079.9924408333334
2023-10-16,1229.7874554166667
2023-10-17,1215.90387125
2023-10-18,1246.0400491666667
2023-10-19,1256.6387725
2023-10-20,1249.2035491666668
2023-10-21,1153.0696295833334
2023-10-22,1089.9999220833333
2023-10-23,1260.3846883333333
2023-10-24,1276.0937841666666
2023-10-25,1262.2370620833333
2023-10-26,1270.2414358333333
2023-10-27,1264.22849625
2023-10-28,1147.50286125
2023-10-29,1064.7503166666668
2023-10-30,1222.2170658333332
2023-10-31,1240.99067375
2023-11-01,1211.4916804166667
2023-11-02,1125.5618095833333
2023-11-03,1216.7700937500001
2023-11-04,1123.1291454166667
2023-11-05,1049.3987212499999
2023-11-06,1232.25514625
2023-11-07,1269.4464170833332
2023-11-08,1288.4612304166667
2023-11-09,1299.4537454166666
2023-11-10,1272.6403833333334
2023-11-11,1159.2009525
2023-11-12,1066.9663325
2023-11-13,1249.2590333333335
2023-11-14,1254.3682529166667
2023-11-15,1249.5198070833333
2023-11-16,1237.4776554166667
2023-11-17,1235.83264125
2023-11-18,1123.8192204166667
2023-11-19,1049.92630625
2023-11-20,1099.3879108333333
2023-11-21,1246.5302929166667
2023-11-22,1240.0999670833332
2023-11-23,1243.7875858333334
2023-11-24,1230.5156454166665
2023-11-25,1123.6012275
2023-11-26,1062.8581558333333
2023-11-27,1221.4609729166666
2023-11-28,1248.7642358333333
2023-11-29,1239.9575745833333
2023-11-30,1243.8748825
2023-12-01,1234.5526654166667
2023-12-02,1143.03237875
2023-12-03,1079.749435
2023-12-04,1233.3489620833334
2023-12-05,1251.5127412499999
2023-12-06,1264.1467949999999
2023-12-07,1254.7377858333332
2023-12-08,1241.6528908333332
2023-12-09,1141.7396266666667
2023-12-10,1066.8123833333334
2023-12-11,1223.05183375
2023-12-12,1201.68339375
2023-12-13,1247.2502441666668
2023-12-14,1262.05428625
2023-12-15,1242.72585375
2023-12-16,1137.4728770833333
2023-12-17,1055.1854087499999
2023-12-18,1203.0861970833332
2023-12-19,1224.84321875
2023-12-20,1221.5164829166667
2023-12-21,1213.9094554166666
2023-12-22,1195.5333058333333
2023-12-23,1107.6560070833334
2023-12-24,1031.3834729166667
2023-12-25,957.0969429166666
2023-12-26,1146.1376404166667
2023-12-27,1167.8341754166665
2023-12-28,1149.2074895833332
2023-12-29,1136.9248704166666
2023-12-30,1059.15108875
2023-12-31,995.6893429166666
