Fecha,Precio marginal local ($/MWh)
2017-05-27,1471.7056521739132
2017-05-28,1136.24875
2017-05-29,1358.1175
2017-05-30,2003.0779166666669
2017-05-31,1714.2595833333335
2017-06-01,1210.7854166666666
2017-06-02,1337.99
2017-06-03,1241.25125
2017-06-04,989.2016666666667
2017-06-05,1208.6670833333335
2017-06-06,3224.2616666666668
2017-06-07,2790.3525000000004
2017-06-08,2537.6349999999998
2017-06-09,1882.0737499999998
2017-06-10,1564.42375
2017-06-11,926.2329166666667
2017-06-12,1437.0154166666669
2017-06-13,1445.8329166666665
2017-06-14,1461.68
2017-06-15,2647.1716666666666
2017-06-16,3732.3658333333333
2017-06-17,3762.6829166666666
2017-06-18,2227.59
2017-06-19,1877.3166666666666
2017-06-20,3550.2208333333333
2017-06-21,2161.0441666666666
2017-06-22,3493.602083333333
2017-06-23,3000.8008333333332
2017-06-24,1810.9379166666668
2017-06-25,1003.9708333333333
2017-06-26,1075.2175
2017-06-27,1203.19625
2017-06-28,1375.9470833333335
2017-06-29,2081.4416666666666
2017-06-30,1405.7495833333332
2017-07-01,1071.2079166666667
2017-07-02,841.3825
2017-07-03,926.1941666666667
2017-07-04,1038.7658333333334
2017-07-05,1480.2754166666666
2017-07-06,1559.6195833333334
2017-07-07,1350.37875
2017-07-08,1295.635
2017-07-09,694.0345833333334
2017-07-10,1263.3604166666667
2017-07-11,1012.1616666666667
2017-07-12,930.69625
2017-07-13,1035.7791666666667
2017-07-14,1047.5670833333334
2017-07-15,932.9908333333333
2017-07-16,778.2058333333333
2017-07-17,1133.6670833333335
2017-07-18,1208.78
2017-07-19,1081.7124999999999
2017-07-20,1065.4629166666666
2017-07-21,891.2866666666667
2017-07-22,957.9408333333334
2017-07-23,831.5183333333333
2017-07-24,1090.9183333333333
2017-07-25,1139.1941666666667
2017-07-26,1189.3316666666667
2017-07-27,1032.9312499999999
2017-07-28,906.9670833333333
2017-07-29,888.8604166666668
2017-07-30,704.6016666666666
2017-07-31,1156.175
2017-08-01,1210.4891666666665
2017-08-02,1300.7133333333334
2017-08-03,1342.3241666666665
2017-08-04,1394.58625
2017-08-05,1295.2204166666668
2017-08-06,1029.82
2017-08-07,1289.6825000000001
2017-08-08,1477.095
2017-08-09,1568.8525
2017-08-10,1890.5266666666666
2017-08-11,1400.2612499999998
2017-08-12,1113.2966666666666
2017-08-13,820.6774999999999
2017-08-14,1355.66625
2017-08-15,1884.6733333333334
2017-08-16,1761.5579166666666
2017-08-17,1353.0449999999998
2017-08-18,1331.9204166666666
2017-08-19,1185.2425
2017-08-20,820.5179166666667
2017-08-21,1244.3575
2017-08-22,1365.6404166666669
2017-08-23,1771.1366666666665
2017-08-24,1646.7091666666665
2017-08-25,1054.2929166666665
2017-08-26,1335.32375
2017-08-27,920.13
2017-08-28,1919.25875
2017-08-29,1935.8004166666667
2017-08-30,2341.849166666667
2017-08-31,1803.6895833333335
2017-09-01,1490.7691666666667
2017-09-02,1056.3154166666666
2017-09-03,666.4770833333333
2017-09-04,1039.1329166666667
2017-09-05,794.8887500000001
2017-09-06,710.53875
2017-09-07,626.2833333333334
2017-09-08,671.8275
2017-09-09,672.23625
2017-09-10,610.62375
2017-09-11,670.4920833333333
2017-09-12,988.27
2017-09-13,1057.4033333333334
2017-09-14,994.6766666666667
2017-09-15,988.1754166666666
2017-09-16,718.3262500000001
2017-09-17,813.0995833333333
2017-09-18,1096.3166666666666
2017-09-19,1112.0079166666667
2017-09-20,1178.9441666666667
2017-09-21,1335.64375
2017-09-22,1127.1129166666667
2017-09-23,779.9708333333333
2017-09-24,695.3579166666667
2017-09-25,1041.9316666666666
2017-09-26,1029.61
2017-09-27,821.8591666666666
2017-09-28,1083.7116666666666
2017-09-29,854.7754166666667
2017-09-30,755.35125
2017-10-01,726.2804166666666
2017-10-02,1037.205
2017-10-03,850.1179166666667
2017-10-04,1103.8041666666666
2017-10-05,1095.2041666666667
2017-10-06,1170.4566666666667
2017-10-07,979.8058333333333
2017-10-08,719.8433333333332
2017-10-09,1145.1195833333334
2017-10-10,1412.37625
2017-10-11,1217.0758333333333
2017-10-12,1203.59625
2017-10-13,1216.6070833333333
2017-10-14,1104.6091666666666
2017-10-15,716.40625
2017-10-16,923.3004166666666
2017-10-17,1038.8641666666665
2017-10-18,857.4208333333332
2017-10-19,959.9195833333333
2017-10-20,1027.7858333333334
2017-10-21,849.6062499999999
2017-10-22,685.1733333333333
2017-10-23,1131.1170833333333
2017-10-24,858.29625
2017-10-25,1188.5354166666666
2017-10-26,940.2729166666667
2017-10-27,934.48
2017-10-28,980.9229166666668
2017-10-29,666.8766666666667
2017-10-30,966.0183999999999
2017-10-31,1065.2012499999998
2017-11-01,1161.1854166666667
2017-11-02,850.6433333333333
2017-11-03,1284.27
2017-11-04,970.765
2017-11-05,737.72625
2017-11-06,1284.3654166666668
2017-11-07,1910.7858333333334
2017-11-08,1956.9166666666667
2017-11-09,1166.0441666666668
2017-11-10,1143.7191666666665
2017-11-11,867.9266666666667
2017-11-12,600.1991666666667
2017-11-13,1005.2358333333333
2017-11-14,1159.8475
2017-11-15,1105.3608333333334
2017-11-16,1409.6216666666667
2017-11-17,1538.8258333333333
2017-11-18,1151.1358333333335
2017-11-19,635.4425
2017-11-20,616.8116666666666
2017-11-21,1153.5829166666667
2017-11-22,770.91
2017-11-23,942.2416666666667
2017-11-24,1374.4904166666665
2017-11-25,1189.5970833333333
2017-11-26,752.5133333333333
2017-11-27,1001.0749999999999
2017-11-28,1022.7258333333333
2017-11-29,1283.03125
2017-11-30,1164.8104166666667
2017-12-01,1451.5908333333334
2017-12-02,1371.3029166666665
2017-12-03,721.7091666666666
2017-12-04,1118.7104166666666
2017-12-05,1594.1875
2017-12-06,1014.1229166666667
2017-12-07,1149.4070833333333
2017-12-08,1038.5275
2017-12-09,989.5575
2017-12-10,619.1258333333334
2017-12-11,851.61
2017-12-12,677.77625
2017-12-13,998.6016666666666
2017-12-14,928.0429166666667
2017-12-15,694.8562499999999
2017-12-16,662.8875
2017-12-17,571.30625
2017-12-18,963.4416666666666
2017-12-19,1038.0941666666665
2017-12-20,951.7012500000001
2017-12-21,924.2362499999999
2017-12-22,900.8045833333334
2017-12-23,707.7195833333334
2017-12-24,527.8212500000001
2017-12-25,589.01
2017-12-26,824.6679166666667
2017-12-27,919.4658333333333
2017-12-28,899.9745833333333
2017-12-29,727.3591666666666
2017-12-30,669.3175
2017-12-31,580.3483333333334
2018-01-01,570.1545833333333
2018-01-02,845.9504166666666
2018-01-03,1150.905
2018-01-04,1263.6391666666666
2018-01-05,1353.4179166666665
2018-01-06,816.7766666666666
2018-01-07,582.1333333333333
2018-01-08,691.56625
2018-01-09,676.5370833333333
2018-01-10,676.9491666666667
2018-01-11,1000.4433333333333
2018-01-12,627.1729166666667
2018-01-13,625.1025000000001
2018-01-14,585.7325
2018-01-15,654.7724999999999
2018-01-16,989.64125
2018-01-17,1084.62625
2018-01-18,1330.3429166666667
2018-01-19,1417.1954166666667
2018-01-20,720.9170833333333
2018-01-21,565.1683333333334
2018-01-22,726.5995833333333
2018-01-23,734.1908333333334
2018-01-24,1009.16375
2018-01-25,1171.8966666666668
2018-01-26,959.7741666666667
2018-01-27,882.0408333333334
2018-01-28,624.1925
2018-01-29,779.1841666666666
2018-01-30,947.0745833333334
2018-01-31,781.7741666666667
2018-02-01,961.7291666666666
2018-02-02,1120.1200000000001
2018-02-03,1048.6166666666666
2018-02-04,728.7616666666667
2018-02-05,759.2075
2018-02-06,1118.415
2018-02-07,1479.7625
2018-02-08,1271.3545833333333
2018-02-09,1281.2833333333333
2018-02-10,990.3383333333333
2018-02-11,1039.3470833333333
2018-02-12,1009.5575
2018-02-13,1140.2304166666665
2018-02-14,1266.9320833333334
2018-02-15,1233.8966666666668
2018-02-16,1308.4720833333333
2018-02-17,1103.3845833333332
2018-02-18,790.3204166666666
2018-02-19,1426.4425
2018-02-20,1669.3979166666668
2018-02-21,1539.3216666666667
2018-02-22,1202.195
2018-02-23,989.2125
2018-02-24,1044.9679166666667
2018-02-25,657.2541666666667
2018-02-26,1019.6925
2018-02-27,794.91375
2018-02-28,843.6350000000001
2018-03-01,745.28875
2018-03-02,905.1420833333333
2018-03-03,768.1166666666667
2018-03-04,593.1120833333333
2018-03-05,1083.5983333333334
2018-03-06,1598.3162499999999
2018-03-07,949.2712500000001
2018-03-08,1005.1725
2018-03-09,730.1595833333334
2018-03-10,1185.4320833333334
2018-03-11,827.5333333333333
2018-03-12,959.31875
2018-03-13,947.4987500000001
2018-03-14,740.3770833333333
2018-03-15,845.3849999999999
2018-03-16,1358.4183333333333
2018-03-17,1182.85875
2018-03-18,844.4204166666667
2018-03-19,757.6704166666667
2018-03-20,1585.7733333333333
2018-03-21,858.3366666666667
2018-03-22,762.1591666666667
2018-03-23,837.0816666666666
2018-03-24,922.04625
2018-03-25,746.0100000000001
2018-03-26,1598.6645833333332
2018-03-27,2003.5054166666669
2018-03-28,1999.7575
2018-03-29,1035.3883333333333
2018-03-30,510.55916666666667
2018-03-31,521.5708333333333
2018-04-01,478.22583333333336
2018-04-02,842.2552173913043
2018-04-03,1565.47625
2018-04-04,1464.7370833333334
2018-04-05,1373.1404166666669
2018-04-06,2038.99125
2018-04-07,1463.92
2018-04-08,973.8079166666666
2018-04-09,3349.44375
2018-04-10,2787.60375
2018-04-11,1553.0758333333333
2018-04-12,1576.9120833333334
2018-04-13,1833.5633333333333
2018-04-14,1631.2683333333334
2018-04-15,690.85
2018-04-16,825.0916666666667
2018-04-17,837.0275
2018-04-18,1600.1254166666668
2018-04-19,1319.1479166666666
2018-04-20,943.3633333333333
2018-04-21,844.0829166666667
2018-04-22,825.10125
2018-04-23,961.3645833333334
2018-04-24,974.6266666666667
2018-04-25,1195.8187500000001
2018-04-26,1235.30125
2018-04-27,930.9162500000001
2018-04-28,865.3783333333332
2018-04-29,633.31625
2018-04-30,1016.7120833333333
2018-05-01,822.4870833333333
2018-05-02,1691.9729166666666
2018-05-03,1776.4283333333333
2018-05-04,1353.2816666666665
2018-05-05,816.7824999999999
2018-05-06,754.5975
2018-05-07,870.285
2018-05-08,953.8116666666666
2018-05-09,832.8791666666666
2018-05-10,852.2683333333333
2018-05-11,1670.7741666666668
2018-05-12,781.7283333333334
2018-05-13,1055.7875000000001
2018-05-14,1591.4070833333333
2018-05-15,2430.8245833333335
2018-05-16,1391.9529166666669
2018-05-17,2215.8941666666665
2018-05-18,2266.3125
2018-05-19,1737.8533333333335
2018-05-20,1319.80375
2018-05-21,1936.8025
2018-05-22,2452.90625
2018-05-23,2066.9170833333333
2018-05-24,2156.467916666667
2018-05-25,2327.4225
2018-05-26,2594.8545833333333
2018-05-27,2494.22625
2018-05-28,2035.1554166666665
2018-05-29,2461.0508333333332
2018-05-30,3230.900416666667
2018-05-31,3338.1162499999996
2018-06-01,2138.5941666666668
2018-06-02,1898.4383333333333
2018-06-03,1177.29375
2018-06-04,1511.9225
2018-06-05,2380.0958333333333
2018-06-06,1870.03625
2018-06-07,2311.7283333333335
2018-06-08,1683.6587499999998
2018-06-09,1758.4887500000002
2018-06-10,1044.6241666666667
2018-06-11,1363.2395833333333
2018-06-12,1703.2124999999999
2018-06-13,1651.4033333333334
2018-06-14,1424.4475
2018-06-15,1498.4329166666666
2018-06-16,1534.0608333333332
2018-06-17,1069.9283333333333
2018-06-18,1232.2879166666667
2018-06-19,1536.1408333333331
2018-06-20,1523.8162499999999
2018-06-21,2413.8825
2018-06-22,3864.197083333333
2018-06-23,2795.1729166666664
2018-06-24,1834.97
2018-06-25,3062.3295833333336
2018-06-26,2202.01625
2018-06-27,2782.34125
2018-06-28,2676.1004166666667
2018-06-29,2409.9466666666667
2018-06-30,2000.6133333333335
2018-07-01,782.7170833333333
2018-07-02,1510.9316666666666
2018-07-03,1366.83
2018-07-04,1184.3129166666665
2018-07-05,1197.99125
2018-07-06,1144.67625
2018-07-07,925.0858333333334
2018-07-08,575.66375
2018-07-09,870.8208333333333
2018-07-10,1189.6170833333333
2018-07-11,1148.7729166666666
2018-07-12,1200.7275
2018-07-13,1533.43625
2018-07-14,1369.7124999999999
2018-07-15,750.6445833333333
2018-07-16,1553.5895833333334
2018-07-17,1852.655
2018-07-18,2244.039166666667
2018-07-19,2738.956666666667
2018-07-20,3080.815
2018-07-21,2014.5770833333333
2018-07-22,910.6691666666667
2018-07-23,2082.9654166666664
2018-07-24,2318.0870833333333
2018-07-25,2703.4008333333336
2018-07-26,2919.0575000000003
2018-07-27,2184.01125
2018-07-28,1983.32
2018-07-29,1501.9629166666666
2018-07-30,2197.26625
2018-07-31,2641.59375
2018-08-01,2258.7825
2018-08-02,2212.9129166666667
2018-08-03,1873.9145833333332
2018-08-04,1950.0191666666667
2018-08-05,1397.6158333333333
2018-08-06,1874.319166666667
2018-08-07,1981.0716666666667
2018-08-08,2058.2695833333332
2018-08-09,1983.3462499999998
2018-08-10,2233.6316666666667
2018-08-11,1645.9641666666666
2018-08-12,916.5808333333333
2018-08-13,1636.64
2018-08-14,1819.8474999999999
2018-08-15,1527.9262500000002
2018-08-16,1247.7504166666668
2018-08-17,1547.4433333333334
2018-08-18,2054.5516666666667
2018-08-19,1340.9795833333333
2018-08-20,2271.565416666667
2018-08-21,2176.025
2018-08-22,2587.6029166666667
2018-08-23,2652.77
2018-08-24,2798.6270833333333
2018-08-25,2232.852083333333
2018-08-26,1669.9675
2018-08-27,2609.3404166666664
2018-08-28,2988.1245833333337
2018-08-29,2542.79
2018-08-30,2290.1733333333336
2018-08-31,2071.037083333333
2018-09-01,2010.8016666666665
2018-09-02,1274.2470833333334
2018-09-03,2032.8229166666667
2018-09-04,2233.4045833333334
2018-09-05,1912.7283333333335
2018-09-06,1904.84875
2018-09-07,1932.6058333333333
2018-09-08,1718.2408333333333
2018-09-09,768.0758333333333
2018-09-10,1433.2208333333335
2018-09-11,1621.5833333333333
2018-09-12,1643.3608333333334
2018-09-13,1739.5912500000002
2018-09-14,1638.8795833333334
2018-09-15,1781.51
2018-09-16,747.1995833333334
2018-09-17,1371.6616666666666
2018-09-18,1628.0779166666669
2018-09-19,2290.994583333333
2018-09-20,1911.7162500000002
2018-09-21,1988.095
2018-09-22,936.4520833333332
2018-09-23,548.90125
2018-09-24,999.8729166666667
2018-09-25,1613.88
2018-09-26,1677.2420833333333
2018-09-27,1063.1795833333333
2018-09-28,939.5216666666666
2018-09-29,600.3945833333333
2018-09-30,497.7083333333333
2018-10-01,788.7670833333333
2018-10-02,975.6150000000001
2018-10-03,830.2687500000001
2018-10-04,1072.385
2018-10-05,1234.5908333333334
2018-10-06,807.8958333333334
2018-10-07,647.5791666666667
2018-10-08,1216.4279166666668
2018-10-09,1085.7975
2018-10-10,1297.9979166666667
2018-10-11,1065.1625000000001
2018-10-12,1194.0062500000001
2018-10-13,1121.6770833333333
2018-10-14,828.4283333333333
2018-10-15,1292.91
2018-10-16,846.4216666666666
2018-10-17,588.8879166666667
2018-10-18,748.84
2018-10-19,762.1662500000001
2018-10-20,664.825
2018-10-21,402.39124999999996
2018-10-22,795.8845833333334
2018-10-23,680.42125
2018-10-24,605.2033333333333
2018-10-25,661.6079166666667
2018-10-26,1014.71625
2018-10-27,926.3137499999999
2018-10-28,668.9845833333334
2018-10-29,732.8056
2018-10-30,743.6391666666667
2018-10-31,888.92625
2018-11-01,690.3495833333333
2018-11-02,571.23875
2018-11-03,544.8025
2018-11-04,687.0304166666666
2018-11-05,1081.51
2018-11-06,1083.2683333333332
2018-11-07,1011.7633333333333
2018-11-08,1059.0375000000001
2018-11-09,794.9791666666666
2018-11-10,985.8275
2018-11-11,703.2929166666667
2018-11-12,601.1570833333334
2018-11-13,883.4025
2018-11-14,1096.37375
2018-11-15,1184.5508333333335
2018-11-16,1174.6020833333334
2018-11-17,987.1420833333333
2018-11-18,748.5637499999999
2018-11-19,679.9350000000001
2018-11-20,882.0808333333333
2018-11-21,1079.0808333333332
2018-11-22,1072.5641666666668
2018-11-23,1128.3141666666668
2018-11-24,1194.7754166666666
2018-11-25,867.8283333333334
2018-11-26,1200.0095833333332
2018-11-27,1092.2616666666665
2018-11-28,1063.0183333333332
2018-11-29,1056.8658333333333
2018-11-30,1007.705
2018-12-01,803.7683333333333
2018-12-02,785.4929166666666
2018-12-03,859.6883333333334
2018-12-04,1139.23875
2018-12-05,955.5683333333333
2018-12-06,1002.0629166666666
2018-12-07,1148.9866666666667
2018-12-08,834.8616666666667
2018-12-09,766.315
2018-12-10,1292.1291666666666
2018-12-11,1164.1845833333334
2018-12-12,986.0487499999999
2018-12-13,847.4050000000001
2018-12-14,957.4141666666666
2018-12-15,853.8112500000001
2018-12-16,667.8366666666667
2018-12-17,798.54
2018-12-18,738.7408333333333
2018-12-19,772.2325000000001
2018-12-20,663.8716666666667
2018-12-21,791.1016666666666
2018-12-22,603.7141666666666
2018-12-23,584.3958333333334
2018-12-24,577.6495833333333
2018-12-25,556.3854166666666
2018-12-26,624.6316666666667
2018-12-27,650.985
2018-12-28,966.8166666666666
2018-12-29,497.9558333333334
2018-12-30,490.7754166666667
2018-12-31,489.3129166666667
2019-01-01,436.19041666666664
2019-01-02,685.34875
2019-01-03,780.6641666666666
2019-01-04,899.3570833333333
2019-01-05,617.655
2019-01-06,441.5608333333333
2019-01-07,771.9479166666666
2019-01-08,894.1687499999999
2019-01-09,846.5870833333333
2019-01-10,728.4541666666668
2019-01-11,789.7845833333334
2019-01-12,669.7195833333334
2019-01-13,565.3083333333333
2019-01-14,883.78625
2019-01-15,723.8254166666667
2019-01-16,806.9875000000001
2019-01-17,772.5841666666666
2019-01-18,746.9141666666666
2019-01-19,841.1270833333333
2019-01-20,667.3100000000001
2019-01-21,809.8225000000001
2019-01-22,821.3020833333334
2019-01-23,888.485
2019-01-24,1007.125
2019-01-25,1114.3866666666665
2019-01-26,795.8312500000001
2019-01-27,645.9379166666666
2019-01-28,1012.4245833333333
2019-01-29,1133.165
2019-01-30,1121.1595833333333
2019-01-31,1126.37125
2019-02-01,1149.7275
2019-02-02,889.1541666666667
2019-02-03,492.10999999999996
2019-02-04,495.89124999999996
2019-02-05,1005.2058333333333
2019-02-06,1041.4108333333334
2019-02-07,847.01625
2019-02-08,785.7920833333333
2019-02-09,870.9658333333333
2019-02-10,655.0920833333333
2019-02-11,969.6208333333334
2019-02-12,728.355
2019-02-13,644.6583333333334
2019-02-14,845.7766666666666
2019-02-15,1051.1066666666666
2019-02-16,860.8704166666666
2019-02-17,649.415
2019-02-18,1013.1625
2019-02-19,1065.9079166666668
2019-02-20,1254.1879166666665
2019-02-21,971.2895833333333
2019-02-22,994.6004166666667
2019-02-23,1187.7733333333333
2019-02-24,623.7820833333334
2019-02-25,1428.3629166666667
2019-02-26,1547.53625
2019-02-27,1836.02125
2019-02-28,1906.28125
2019-03-01,1828.9545833333334
2019-03-02,1398.8629166666667
2019-03-03,852.1666666666666
2019-03-04,1356.27375
2019-03-05,1405.76
2019-03-06,1477.075
2019-03-07,862.4570833333333
2019-03-08,1027.4445833333334
2019-03-09,1022.9458333333333
2019-03-10,817.8695833333333
2019-03-11,1516.6766666666665
2019-03-12,1681.2329166666666
2019-03-13,1028.6679166666665
2019-03-14,945.4274999999999
2019-03-15,748.9129166666667
2019-03-16,529.235
2019-03-17,458.32125
2019-03-18,448.80875
2019-03-19,534.02125
2019-03-20,543.27625
2019-03-21,535.2733333333333
2019-03-22,472.95125
2019-03-23,474.9845833333333
2019-03-24,535.2770833333333
2019-03-25,941.2833333333333
2019-03-26,690.9029166666666
2019-03-27,580.2975
2019-03-28,662.88875
2019-03-29,805.0379166666667
2019-03-30,793.8495833333333
2019-03-31,517.1458333333334
2019-04-01,990.7354166666668
2019-04-02,1424.9325
2019-04-03,1418.7729166666668
2019-04-04,1469.2720833333333
2019-04-05,1085.8420833333332
2019-04-06,597.6204166666666
2019-04-07,565.4208333333333
2019-04-08,1805.7456521739132
2019-04-09,1466.6695833333333
2019-04-10,881.5408333333334
2019-04-11,989.935
2019-04-12,1597.62625
2019-04-13,848.7908333333334
2019-04-14,552.17125
2019-04-15,1050.2475000000002
2019-04-16,1415.3983333333333
2019-04-17,1857.1545833333332
2019-04-18,603.0620833333334
2019-04-19,670.03
2019-04-20,410.75916666666666
2019-04-21,406.1566666666667
2019-04-22,480.09791666666666
2019-04-23,838.9558333333334
2019-04-24,1480.9383333333335
2019-04-25,2442.71375
2019-04-26,2251.1366666666668
2019-04-27,1722.319166666667
2019-04-28,1117.3520833333334
2019-04-29,1741.71125
2019-04-30,1172.4479166666667
2019-05-01,1423.0854166666668
2019-05-02,1927.2816666666668
2019-05-03,1354.74
2019-05-04,1100.4670833333332
2019-05-05,541.7470833333333
2019-05-06,1148.4758333333332
2019-05-07,1118.60875
2019-05-08,1087.9304166666666
2019-05-09,1310.4658333333334
2019-05-10,870.9208333333332
2019-05-11,528.4433333333333
2019-05-12,373.23875
2019-05-13,569.6008333333333
2019-05-14,959.6370833333334
2019-05-15,1183.4420833333334
2019-05-16,1336.9658333333334
2019-05-17,1408.0933333333332
2019-05-18,1116.5783333333334
2019-05-19,849.4854166666668
2019-05-20,1259.45625
2019-05-21,1658.8916666666667
2019-05-22,1419.524583333333
2019-05-23,1934.6870833333332
2019-05-24,1971.8920833333334
2019-05-25,1399.1904166666666
2019-05-26,609.5633333333334
2019-05-27,1268.3575
2019-05-28,1468.4875
2019-05-29,1613.1533333333334
2019-05-30,1737.5108333333335
2019-05-31,1765.0733333333335
2019-06-01,1436.38
2019-06-02,605.9475
2019-06-03,1146.1783333333333
2019-06-04,1542.8670833333333
2019-06-05,1702.1970833333335
2019-06-06,1601.3012500000002
2019-06-07,1564.4520833333333
2019-06-08,1480.6979166666667
2019-06-09,871.6075000000001
2019-06-10,1381.4275
2019-06-11,1319.8516666666667
2019-06-12,1307.5004166666665
2019-06-13,931.9841666666666
2019-06-14,1117.0020833333333
2019-06-15,804.4775
2019-06-16,710.0054166666667
2019-06-17,1694.9533333333331
2019-06-18,1777.1908333333333
2019-06-19,1487.58125
2019-06-20,1597.5004166666668
2019-06-21,1131.2666666666667
2019-06-22,1304.1566666666668
2019-06-23,722.05125
2019-06-24,1231.6066666666668
2019-06-25,1052.1791666666666
2019-06-26,671.84375
2019-06-27,602.01
2019-06-28,815.2195833333334
2019-06-29,746.8979166666667
2019-06-30,482.30833333333334
2019-07-01,811.56
2019-07-02,725.3791666666666
2019-07-03,837.8579166666667
2019-07-04,843.0270833333334
2019-07-05,811.1304166666667
2019-07-06,751.5358333333334
2019-07-07,694.7016666666667
2019-07-08,1218.7279166666667
2019-07-09,1491.1666666666667
2019-07-10,1684.1891666666668
2019-07-11,1606.5379166666664
2019-07-12,1670.2958333333333
2019-07-13,961.6437500000001
2019-07-14,577.4416666666667
2019-07-15,926.0591666666666
2019-07-16,883.5370833333333
2019-07-17,713.1754166666666
2019-07-18,949.3708333333334
2019-07-19,921.1870833333334
2019-07-20,820.0529166666666
2019-07-21,572.4745833333333
2019-07-22,939.7654166666666
2019-07-23,844.2383333333333
2019-07-24,1131.94875
2019-07-25,814.4083333333333
2019-07-26,770.7670833333333
2019-07-27,528.335
2019-07-28,480.3125
2019-07-29,830.3675
2019-07-30,672.5683333333333
2019-07-31,845.6320833333333
2019-08-01,915.0554166666667
2019-08-02,1729.0620833333332
2019-08-03,1610.2958333333333
2019-08-04,923.4520833333332
2019-08-05,1603.5016666666668
2019-08-06,2100.897916666667
2019-08-07,1488.845
2019-08-08,1011.8116666666666
2019-08-09,1035.2883333333334
2019-08-10,1109.5954166666668
2019-08-11,788.22375
2019-08-12,958.3525
2019-08-13,1160.77
2019-08-14,1226.0483333333334
2019-08-15,1466.89125
2019-08-16,1376.8979166666668
2019-08-17,1106.5345833333333
2019-08-18,453.46166666666664
2019-08-19,1110.0225
2019-08-20,1223.9416666666666
2019-08-21,1310.1358333333333
2019-08-22,1231.1933333333334
2019-08-23,1493.805
2019-08-24,1420.4425
2019-08-25,897.1295833333334
2019-08-26,1142.8120833333332
2019-08-27,1450.4483333333335
2019-08-28,1356.8341666666668
2019-08-29,1164.8183333333334
2019-08-30,812.7083333333334
2019-08-31,858.005
2019-09-01,586.6
2019-09-02,956.5616666666666
2019-09-03,1264.2175
2019-09-04,1169.5070833333332
2019-09-05,1033.9570833333335
2019-09-06,1029.2079166666665
2019-09-07,783.5666666666666
2019-09-08,621.9820833333333
2019-09-09,1076.9866666666667
2019-09-10,1739.8725000000002
2019-09-11,1412.975416666667
2019-09-12,1377.555
2019-09-13,1050.7341666666666
2019-09-14,820.7341666666666
2019-09-15,540.11625
2019-09-16,498.02666666666664
2019-09-17,950.73
2019-09-18,1741.4479166666667
2019-09-19,1508.655
2019-09-20,1654.9258333333335
2019-09-21,969.4362500000001
2019-09-22,796.0137500000001
2019-09-23,1890.4229166666667
2019-09-24,1729.9358333333332
2019-09-25,2022.1991666666665
2019-09-26,1567.0229166666668
2019-09-27,2240.2866666666664
2019-09-28,1077.0674999999999
2019-09-29,578.6666666666666
2019-09-30,1044.76875
2019-10-01,778.5329166666667
2019-10-02,869.0316666666666
2019-10-03,978.9333333333334
2019-10-04,927.4575
2019-10-05,814.50875
2019-10-06,483.87125
2019-10-07,696.7541666666666
2019-10-08,883.78375
2019-10-09,537.0979166666667
2019-10-10,568.2391666666666
2019-10-11,488.7291666666667
2019-10-12,272.3691666666667
2019-10-13,368.2754166666667
2019-10-14,412.92041666666665
2019-10-15,601.5079166666667
2019-10-16,950.0212499999999
2019-10-17,1935.4516666666666
2019-10-18,920.5391666666666
2019-10-19,665.4479166666666
2019-10-20,552.5033333333333
2019-10-21,1040.8166666666666
2019-10-22,528.7575
2019-10-23,481.78208333333333
2019-10-24,587.0270833333333
2019-10-25,401.84041666666667
2019-10-26,359.0233333333333
2019-10-27,281.88624999999996
2019-10-28,479.12559999999996
2019-10-29,506.53875
2019-10-30,630.8020833333334
2019-10-31,501.6458333333333
2019-11-01,561.4945833333333
2019-11-02,416.22375000000005
2019-11-03,355.61791666666664
2019-11-04,487.04125
2019-11-05,545.8866666666667
2019-11-06,610.9775000000001
2019-11-07,1608.0866666666668
2019-11-08,451.8045833333333
2019-11-09,598.4916666666667
2019-11-10,427.7204166666666
2019-11-11,557.0279166666667
2019-11-12,459.60833333333335
2019-11-13,571.0904166666667
2019-11-14,467.6270833333333
2019-11-15,452.93249999999995
2019-11-16,439.48875
2019-11-17,405.09041666666667
2019-11-18,411.395
2019-11-19,445.32625
2019-11-20,419.42833333333334
2019-11-21,563.3466666666667
2019-11-22,1149.5120833333333
2019-11-23,423.6666666666667
2019-11-24,401.47333333333336
2019-11-25,473.465
2019-11-26,712.3291666666668
2019-11-27,1459.7341666666669
2019-11-28,667.9741666666666
2019-11-29,554.9366666666666
2019-11-30,504.0854166666666
2019-12-01,412.8533333333333
2019-12-02,498.10833333333335
2019-12-03,441.3554166666667
2019-12-04,616.9250000000001
2019-12-05,454.26125
2019-12-06,412.6870833333333
2019-12-07,390.58875000000006
2019-12-08,341.5754166666666
2019-12-09,375.0391666666667
2019-12-10,280.1325
2019-12-11,318.785
2019-12-12,364.07874999999996
2019-12-13,384.5129166666666
2019-12-14,352.8591666666667
2019-12-15,300.3691666666667
2019-12-16,367.77125
2019-12-17,279.9825
2019-12-18,389.77583333333337
2019-12-19,383.3908333333334
2019-12-20,377.53875
2019-12-21,373.0683333333333
2019-12-22,365.49541666666664
2019-12-23,386.15708333333333
2019-12-24,352.35583333333335
2019-12-25,455.63447720350274
2019-12-26,354.6541666666667
2019-12-27,329.5366666666667
2019-12-28,336.6066666666666
2019-12-29,300.02125
2019-12-30,328.7504166666667
2019-12-31,311.44916666666666
2020-01-01,283.0991666666667
2020-01-02,337.6666666666667
2020-01-03,317.62083333333334
2020-01-04,343.49708333333336
2020-01-05,259.50208333333336
2020-01-06,357.3725
2020-01-07,334.53375
2020-01-08,358.49458333333337
2020-01-09,349.86291666666665
2020-01-10,371.45208333333335
2020-01-11,388.6141666666667
2020-01-12,343.4916666666666
2020-01-13,462.31375
2020-01-14,373.3770833333333
2020-01-15,370.445
2020-01-16,408.0325
2020-01-17,492.8733333333333
2020-01-18,630.7125
2020-01-19,331.005
2020-01-20,451.80958333333336
2020-01-21,353.8958333333333
2020-01-22,369.32166666666666
2020-01-23,374.6958333333334
2020-01-24,346.15541666666667
2020-01-25,330.52208333333334
2020-01-26,310.10791666666665
2020-01-27,310.27916666666664
2020-01-28,309.64666666666665
2020-01-29,312.3641666666667
2020-01-30,310.4945833333333
2020-01-31,318.96750000000003
2020-02-01,315.52333333333337
2020-02-02,220.55291666666668
2020-02-03,146.93708333333333
2020-02-04,301.08625
2020-02-05,335.70875
2020-02-06,441.5420833333333
2020-02-07,342.14958333333334
2020-02-08,279.29291666666666
2020-02-09,194.72166666666666
2020-02-10,390.41125000000005
2020-02-11,430.0183333333334
2020-02-12,356.5754166666666
2020-02-13,327.7004166666667
2020-02-14,316.09291666666667
2020-02-15,311.5516666666667
2020-02-16,285.7608333333333
2020-02-17,303.69625
2020-02-18,334.535
2020-02-19,313.56374999999997
2020-02-20,311.62083333333334
2020-02-21,337.27708333333334
2020-02-22,317.13124999999997
2020-02-23,269.79875
2020-02-24,353.8566666666666
2020-02-25,369.0566666666667
2020-02-26,238.5975
2020-02-27,349.5620833333333
2020-02-28,304.28249999999997
2020-02-29,209.0275
2020-03-01,153.98333333333332
2020-03-02,333.185
2020-03-03,373.8670833333333
2020-03-04,356.1254166666667
2020-03-05,308.205
2020-03-06,224.90374999999997
2020-03-07,297.13124999999997
2020-03-08,284.47208333333333
2020-03-09,328.5416666666667
2020-03-10,381.96791666666667
2020-03-11,348.70666666666665
2020-03-12,376.7633333333333
2020-03-13,365.295
2020-03-14,362.7920833333333
2020-03-15,379.34833333333336
2020-03-16,367.5858333333333
2020-03-17,466.08
2020-03-18,430.97791666666666
2020-03-19,452.51666666666665
2020-03-20,404.8554166666667
2020-03-21,411.9025
2020-03-22,344.4683333333333
2020-03-23,352.1033333333333
2020-03-24,420.18458333333336
2020-03-25,500.77791666666667
2020-03-26,415.11083333333335
2020-03-27,489.83125
2020-03-28,502.7054166666667
2020-03-29,386.3625
2020-03-30,430.58166666666665
2020-03-31,401.23625
2020-04-01,378.9483333333333
2020-04-02,361.2945833333333
2020-04-03,357.94458333333336
2020-04-04,301.83625
2020-04-05,285.07375
2020-04-06,391.37695652173915
2020-04-07,507.30041666666665
2020-04-08,392.3025
2020-04-09,452.50458333333336
2020-04-10,369.8225
2020-04-11,426.33625
2020-04-12,353.39000000000004
2020-04-13,454.2366666666667
2020-04-14,385.34291666666667
2020-04-15,375.7191666666667
2020-04-16,314.36833333333334
2020-04-17,321.42541666666665
2020-04-18,359.57666666666665
2020-04-19,386.21125
2020-04-20,395.1041666666667
2020-04-21,397.84083333333336
2020-04-22,387.17083333333335
2020-04-23,458.6479166666666
2020-04-24,456.83375
2020-04-25,447.06666666666666
2020-04-26,444.94208333333336
2020-04-27,395.06625
2020-04-28,413.12375
2020-04-29,408.56874999999997
2020-04-30,406.4079166666666
2020-05-01,339.26625
2020-05-02,375.88374999999996
2020-05-03,408.14208333333335
2020-05-04,440.82874999999996
2020-05-05,443.6691666666666
2020-05-06,423.7004166666666
2020-05-07,451.1454166666667
2020-05-08,403.7054166666667
2020-05-09,415.85791666666665
2020-05-10,368.01125
2020-05-11,405.2558333333333
2020-05-12,387.7295833333333
2020-05-13,410.16499999999996
2020-05-14,427.0995833333333
2020-05-15,389.115
2020-05-16,442.6779166666667
2020-05-17,431.6154166666667
2020-05-18,499.91875
2020-05-19,469.28208333333333
2020-05-20,503.90125000000006
2020-05-21,466.2866666666667
2020-05-22,513.7266666666667
2020-05-23,412.00416666666666
2020-05-24,396.11791666666664
2020-05-25,491.405
2020-05-26,604.5820833333333
2020-05-27,569.9995833333334
2020-05-28,502.90208333333334
2020-05-29,517.8895833333333
2020-05-30,444.77458333333334
2020-05-31,403.80041666666665
2020-06-01,440.77583333333337
2020-06-02,499.5179166666667
2020-06-03,500.7075
2020-06-04,460.49875
2020-06-05,487.41333333333336
2020-06-06,564.2425
2020-06-07,455.21125
2020-06-08,504.1795833333333
2020-06-09,556.4341666666667
2020-06-10,556.42
2020-06-11,483.04791666666665
2020-06-12,448.05041666666665
2020-06-13,412.93666666666667
2020-06-14,400.0333333333333
2020-06-15,449.21875
2020-06-16,487.895
2020-06-17,463.95666666666665
2020-06-18,488.87833333333333
2020-06-19,508.3845833333333
2020-06-20,413.24916666666667
2020-06-21,395.0933333333333
2020-06-22,474.2108333333333
2020-06-23,521.5541666666667
2020-06-24,640.1508333333333
2020-06-25,492.44291666666663
2020-06-26,435.3854166666667
2020-06-27,361.40375
2020-06-28,357.59458333333333
2020-06-29,390.9220833333334
2020-06-30,377.2375
2020-07-01,437.3020833333333
2020-07-02,439.86833333333334
2020-07-03,422.05125
2020-07-04,396.50291666666664
2020-07-05,396.5933333333333
2020-07-06,477.99708333333336
2020-07-07,466.14208333333335
2020-07-08,592.005
2020-07-09,511.2191666666667
2020-07-10,474.56916666666666
2020-07-11,522.9233333333333
2020-07-12,470.02875
2020-07-13,509.9745833333333
2020-07-14,709.1641666666666
2020-07-15,657.2645833333333
2020-07-16,665.67375
2020-07-17,672.3275
2020-07-18,611.5808333333333
2020-07-19,518.3204166666667
2020-07-20,517.8045833333333
2020-07-21,697.9525
2020-07-22,687.8929166666667
2020-07-23,601.2258333333333
2020-07-24,582.9395833333333
2020-07-25,508.4879166666667
2020-07-26,397.91083333333336
2020-07-27,449.9175
2020-07-28,445.66625
2020-07-29,439.8675
2020-07-30,472.1070833333333
2020-07-31,468.58
2020-08-01,469.90291666666667
2020-08-02,446.7833333333333
2020-08-03,473.33
2020-08-04,506.54833333333335
2020-08-05,511.4683333333333
2020-08-06,555.9558333333333
2020-08-07,601.0233333333333
2020-08-08,609.87
2020-08-09,504.4395833333333
2020-08-10,636.8933333333333
2020-08-11,589.4683333333334
2020-08-12,531.7258333333333
2020-08-13,545.855
2020-08-14,586.8870833333334
2020-08-15,564.8554166666667
2020-08-16,511.46375000000006
2020-08-17,705.305
2020-08-18,643.0804166666667
2020-08-19,771.0991666666667
2020-08-20,762.3425000000001
2020-08-21,745.7066666666666
2020-08-22,668.0254166666667
2020-08-23,566.0666666666667
2020-08-24,580.6933333333333
2020-08-25,905.0300000000001
2020-08-26,791.6508333333333
2020-08-27,807.9183333333334
2020-08-28,886.3804166666667
2020-08-29,687.0524999999999
2020-08-30,600.3529166666666
2020-08-31,608.3095833333333
2020-09-01,596.0208333333334
2020-09-02,651.2904166666666
2020-09-03,676.0675
2020-09-04,632.4433333333333
2020-09-05,570.9483333333334
2020-09-06,477.19
2020-09-07,516.0029166666667
2020-09-08,497.72125
2020-09-09,596.9491666666667
2020-09-10,496.41166666666663
2020-09-11,449.29041666666666
2020-09-12,453.41249999999997
2020-09-13,415.91833333333335
2020-09-14,474.40375
2020-09-15,430.6779166666667
2020-09-16,469.7054166666667
2020-09-17,560.5675
2020-09-18,568.41
2020-09-19,420.67041666666665
2020-09-20,285.6616666666667
2020-09-21,392.3616666666667
2020-09-22,389.09375
2020-09-23,491.5508333333333
2020-09-24,539.1145833333334
2020-09-25,635.8466666666667
2020-09-26,516.9504166666667
2020-09-27,417.50125
2020-09-28,467.10083333333336
2020-09-29,448.5841666666667
2020-09-30,448.94208333333336
2020-10-01,428.2075
2020-10-02,427.39375
2020-10-03,384.9608333333333
2020-10-04,335.3258333333333
2020-10-05,381.90375
2020-10-06,388.33
2020-10-07,450.40541666666667
2020-10-08,499.8341666666667
2020-10-09,510.2320833333333
2020-10-10,446.8329166666667
2020-10-11,336.7995833333333
2020-10-12,395.68416666666667
2020-10-13,572.6870833333334
2020-10-14,653.0183333333333
2020-10-15,601.7104166666667
2020-10-16,603.215
2020-10-17,481.5204166666667
2020-10-18,387.7604166666667
2020-10-19,455.20666666666665
2020-10-20,467.055
2020-10-21,621.9079166666667
2020-10-22,738.06
2020-10-23,806.9575
2020-10-24,779.0008333333334
2020-10-25,475.0975
2020-10-26,663.7324000000001
2020-10-27,732.6308333333333
2020-10-28,729.0266666666666
2020-10-29,696.3316666666666
2020-10-30,618.8916666666667
2020-10-31,541.2633333333333
2020-11-01,453.88374999999996
2020-11-02,513.6841666666667
2020-11-03,570.2966666666666
2020-11-04,554.3570833333333
2020-11-05,594.1958333333333
2020-11-06,649.0295833333333
2020-11-07,781.6441666666666
2020-11-08,515.8608333333333
2020-11-09,1482.305
2020-11-10,1164.6133333333335
2020-11-11,2445.125
2020-11-12,753.96125
2020-11-13,587.9679166666666
2020-11-14,560.8908333333334
2020-11-15,518.605
2020-11-16,494.0258333333333
2020-11-17,579.2554166666666
2020-11-18,468.7245833333333
2020-11-19,467.92291666666665
2020-11-20,431.58875000000006
2020-11-21,392.81708333333336
2020-11-22,403.3645833333333
2020-11-23,429.40000000000003
2020-11-24,444.37875
2020-11-25,596.2766666666666
2020-11-26,463.78541666666666
2020-11-27,493.8229166666667
2020-11-28,463.5516666666667
2020-11-29,435.575
2020-11-30,424.39375
2020-12-01,430.2475
2020-12-02,500.62083333333334
2020-12-03,487.88208333333336
2020-12-04,506.46375000000006
2020-12-05,460.16
2020-12-06,433.14875
2020-12-07,486.09708333333333
2020-12-08,737.3670833333334
2020-12-09,441.0783333333334
2020-12-10,417.35791666666665
2020-12-11,447.4591666666667
2020-12-12,437.4979166666667
2020-12-13,419.75874999999996
2020-12-14,451.1229166666667
2020-12-15,459.1758333333333
2020-12-16,460.29125
2020-12-17,477.47375000000005
2020-12-18,479.0683333333333
2020-12-19,437.4291666666666
2020-12-20,450.0445833333333
2020-12-21,479.44
2020-12-22,444.66333333333336
2020-12-23,533.7604166666666
2020-12-24,459.82958333333335
2020-12-25,411.91166666666663
2020-12-26,438.62833333333333
2020-12-27,428.9170833333333
2020-12-28,454.58
2020-12-29,392.6154166666667
2020-12-30,406.77416666666664
2020-12-31,339.72166666666664
2021-01-01,438.8148228320171
2021-01-02,418.1895833333333
2021-01-03,369.5429166666666
2021-01-04,361.26208333333335
2021-01-05,417.2816666666667
2021-01-06,390.1558333333333
2021-01-07,402.89000000000004
2021-01-08,426.53666666666663
2021-01-09,475.2695833333333
2021-01-10,446.33166666666665
2021-01-11,496.1433333333334
2021-01-12,521.3066666666667
2021-01-13,547.2691666666666
2021-01-14,570.7441666666667
2021-01-15,525.7479166666667
2021-01-16,532.72375
2021-01-17,492.29541666666665
2021-01-18,479.8233333333333
2021-01-19,436.0641666666667
2021-01-20,484.1075
2021-01-21,496.82625
2021-01-22,432.4575
2021-01-23,468.6691666666666
2021-01-24,369.20250000000004
2021-01-25,412.85041666666666
2021-01-26,523.4029166666667
2021-01-27,451.5729166666667
2021-01-28,471.3320833333333
2021-01-29,412.68125000000003
2021-01-30,434.67541666666665
2021-01-31,387.3495833333333
2021-02-01,468.16875
2021-02-02,515.8825
2021-02-03,436.05541666666664
2021-02-04,488.2558333333333
2021-02-05,601.7687500000001
2021-02-06,505.2425
2021-02-07,523.375
2021-02-08,586.7524999999999
2021-02-09,605.2920833333334
2021-02-10,593.6441666666666
2021-02-11,545.755
2021-02-12,681.29125
2021-02-13,1754.6516666666666
2021-02-14,1592.205
2021-02-15,1842.7420833333333
2021-02-16,2075.4870833333334
2021-02-17,3878.817916666667
2021-02-18,3933.285
2021-02-19,2635.9566666666665
2021-02-20,1454.9337500000001
2021-02-21,857.0354166666666
2021-02-22,1041.6216666666667
2021-02-23,700.3850000000001
2021-02-24,478.81874999999997
2021-02-25,476.41249999999997
2021-02-26,489.3908333333333
2021-02-27,349.48333333333335
2021-02-28,432.9004166666667
2021-03-01,502.4475
2021-03-02,437.355
2021-03-03,520.2683333333333
2021-03-04,470.69958333333335
2021-03-05,530.21875
2021-03-06,474.91833333333335
2021-03-07,440.8745833333333
2021-03-08,493.10041666666666
2021-03-09,412.7441666666667
2021-03-10,408.29541666666665
2021-03-11,442.43875
2021-03-12,460.4216666666666
2021-03-13,527.6266666666667
2021-03-14,494.12125
2021-03-15,510.4258333333333
2021-03-16,510.1879166666667
2021-03-17,532.4154166666666
2021-03-18,486.56125
2021-03-19,495.53791666666666
2021-03-20,459.7808333333333
2021-03-21,378.3425
2021-03-22,462.295
2021-03-23,465.1383333333333
2021-03-24,502.7691666666667
2021-03-25,441.86291666666665
2021-03-26,572.1195833333334
2021-03-27,521.3245833333334
2021-03-28,487.98625
2021-03-29,545.9720833333333
2021-03-30,520.4920833333333
2021-03-31,504.82625
2021-04-01,450.84458333333333
2021-04-02,533.6233956640342
2021-04-03,350.9275
2021-04-04,550.9859665312273
2021-04-05,498.2030434782609
2021-04-06,508.30875
2021-04-07,552.9983333333333
2021-04-08,551.9350000000001
2021-04-09,581.5754166666667
2021-04-10,621.8095833333333
2021-04-11,503.10999999999996
2021-04-12,609.47875
2021-04-13,621.53125
2021-04-14,733.9587499999999
2021-04-15,549.9754166666667
2021-04-16,694.9658333333333
2021-04-17,521.85125
2021-04-18,506.12916666666666
2021-04-19,514.2416666666667
2021-04-20,546.18125
2021-04-21,498.6116666666667
2021-04-22,493.44
2021-04-23,454.17249999999996
2021-04-24,540.5404166666666
2021-04-25,524.5529166666666
2021-04-26,559.30375
2021-04-27,554.91125
2021-04-28,557.77
2021-04-29,566.4291666666667
2021-04-30,540.8391666666666
2021-05-01,483.25916666666666
2021-05-02,475.59666666666664
2021-05-03,559.7275
2021-05-04,627.1591666666667
2021-05-05,566.2741666666667
2021-05-06,525.9658333333333
2021-05-07,551.7195833333334
2021-05-08,584.4295833333333
2021-05-09,549.3104166666667
2021-05-10,618.0437499999999
2021-05-11,712.1645833333333
2021-05-12,668.6004166666667
2021-05-13,631.2233333333334
2021-05-14,564.4933333333333
2021-05-15,482.185
2021-05-16,546.6408333333333
2021-05-17,675.255
2021-05-18,642.68125
2021-05-19,590.16
2021-05-20,613.6366666666667
2021-05-21,561.9908333333334
2021-05-22,452.9979166666667
2021-05-23,495.3225
2021-05-24,560.9895833333334
2021-05-25,544.8591666666667
2021-05-26,606.4350000000001
2021-05-27,563.9079166666667
2021-05-28,761.2937499999999
2021-05-29,646.4225
2021-05-30,490.5520833333333
2021-05-31,575.8925
2021-06-01,527.8245833333333
2021-06-02,579.53125
2021-06-03,595.9683333333334
2021-06-04,600.01125
2021-06-05,540.4016666666666
2021-06-06,450.7625
2021-06-07,587.80125
2021-06-08,639.3266666666667
2021-06-09,553.9016666666666
2021-06-10,607.3554166666667
2021-06-11,614.53875
2021-06-12,617.5529166666666
2021-06-13,576.71125
2021-06-14,689.01625
2021-06-15,745.8566666666667
2021-06-16,702.4316666666667
2021-06-17,705.74125
2021-06-18,671.8108333333333
2021-06-19,753.5583333333334
2021-06-20,523.9245833333333
2021-06-21,696.4579166666666
2021-06-22,764.83875
2021-06-23,913.9333333333334
2021-06-24,642.9554166666667
2021-06-25,689.8575
2021-06-26,721.1591666666667
2021-06-27,584.6820833333334
2021-06-28,743.9237499999999
2021-06-29,726.8041666666667
2021-06-30,712.6999999999999
2021-07-01,791.9162499999999
2021-07-02,740.1116666666667
2021-07-03,894.6958333333333
2021-07-04,715.4187499999999
2021-07-05,933.805
2021-07-06,923.7291666666666
2021-07-07,728.0929166666666
2021-07-08,779.1654166666667
2021-07-09,807.6683333333334
2021-07-10,662.4058333333334
2021-07-11,652.9004166666667
2021-07-12,1000.0475
2021-07-13,722.6387500000001
2021-07-14,685.2725
2021-07-15,663.24
2021-07-16,693.5158333333334
2021-07-17,659.3054166666667
2021-07-18,625.145
2021-07-19,833.6716666666666
2021-07-20,837.6916666666666
2021-07-21,825.8020833333334
2021-07-22,686.6770833333334
2021-07-23,737.5179166666667
2021-07-24,696.9725
2021-07-25,627.4495833333334
2021-07-26,779.2683333333333
2021-07-27,821.7995833333333
2021-07-28,789.3816666666667
2021-07-29,794.6700000000001
2021-07-30,820.7983333333333
2021-07-31,823.2229166666666
2021-08-01,674.215
2021-08-02,864.28125
2021-08-03,882.5254166666667
2021-08-04,820.9325
2021-08-05,847.9333333333334
2021-08-06,767.645
2021-08-07,697.5833333333334
2021-08-08,645.0858333333333
2021-08-09,749.6391666666667
2021-08-10,738.4495833333334
2021-08-11,747.61875
2021-08-12,715.60875
2021-08-13,708.6795833333334
2021-08-14,697.3591666666666
2021-08-15,696.06
2021-08-16,791.4633333333333
2021-08-17,722.2987499999999
2021-08-18,717.7120833333333
2021-08-19,689.24125
2021-08-20,681.4495833333334
2021-08-21,647.2641666666667
2021-08-22,600.99875
2021-08-23,716.2420833333334
2021-08-24,672.3312500000001
2021-08-25,699.08625
2021-08-26,785.6616666666667
2021-08-27,757.9325
2021-08-28,802.525
2021-08-29,707.7824999999999
2021-08-30,909.2866666666667
2021-08-31,828.89875
2021-09-01,791.67125
2021-09-02,823.1029166666667
2021-09-03,854.9729166666666
2021-09-04,805.9208333333332
2021-09-05,751.0012499999999
2021-09-06,850.7229166666666
2021-09-07,842.2366666666667
2021-09-08,830.0629166666666
2021-09-09,808.4187499999999
2021-09-10,807.2270833333333
2021-09-11,836.7916666666666
2021-09-12,810.5470833333334
2021-09-13,996.4366666666666
2021-09-14,951.5583333333334
2021-09-15,971.5429166666667
2021-09-16,880.9291666666667
2021-09-17,1057.5954166666668
2021-09-18,913.3216666666667
2021-09-19,834.625
2021-09-20,961.1816666666667
2021-09-21,935.5166666666668
2021-09-22,975.2912499999999
2021-09-23,898.8337499999999
2021-09-24,846.2270833333333
2021-09-25,827.6954166666666
2021-09-26,765.4104166666666
2021-09-27,895.975
2021-09-28,905.3766666666667
2021-09-29,941.4104166666666
2021-09-30,1032.5095833333332
2021-10-01,1025.4570833333335
2021-10-02,989.19875
2021-10-03,947.82125
2021-10-04,1043.6091666666666
2021-10-05,1040.64875
2021-10-06,1018.9325
2021-10-07,976.2266666666666
2021-10-08,974.0604166666667
2021-10-09,893.0141666666667
2021-10-10,738.0775
2021-10-11,984.5433333333334
2021-10-12,977.6183333333333
2021-10-13,963.565
2021-10-14,1095.0575000000001
2021-10-15,1061.2675
2021-10-16,923.7191666666666
2021-10-17,810.605
2021-10-18,917.7104166666667
2021-10-19,856.4866666666667
2021-10-20,816.8341666666666
2021-10-21,842.9675000000001
2021-10-22,943.7199999999999
2021-10-23,967.7916666666666
2021-10-24,831.53125
2021-10-25,1310.6770833333333
2021-10-26,917.8333333333334
2021-10-27,1070.5533333333333
2021-10-28,1261.3445833333333
2021-10-29,917.3766666666667
2021-10-30,935.85125
2021-10-31,804.2754166666667
2021-11-01,849.3068000000001
2021-11-02,885.56
2021-11-03,910.7716666666666
2021-11-04,879.7804166666666
2021-11-05,961.0845833333333
2021-11-06,977.5916666666667
2021-11-07,869.2475
2021-11-08,920.8633333333333
2021-11-09,968.0875
2021-11-10,941.9495833333334
2021-11-11,987.0204166666667
2021-11-12,842.64875
2021-11-13,834.27375
2021-11-14,769.5749999999999
2021-11-15,737.75375
2021-11-16,807.4891666666666
2021-11-17,887.8308333333333
2021-11-18,845.2929166666667
2021-11-19,867.8675
2021-11-20,854.6479166666667
2021-11-21,800.5558333333333
2021-11-22,936.3625000000001
2021-11-23,886.0437499999999
2021-11-24,840.3658333333333
2021-11-25,925.4020833333334
2021-11-26,885.6566666666666
2021-11-27,899.8870833333334
2021-11-28,872.2633333333333
2021-11-29,909.9175
2021-11-30,862.5975
2021-12-01,901.3879166666667
2021-12-02,846.4079166666667
2021-12-03,810.8112500000001
2021-12-04,781.7575
2021-12-05,710.50625
2021-12-06,942.8075
2021-12-07,844.7062500000001
2021-12-08,846.9633333333333
2021-12-09,867.6008333333334
2021-12-10,796.4545833333333
2021-12-11,563.8441666666666
2021-12-12,560.3470833333333
2021-12-13,654.62625
2021-12-14,716.0666666666666
2021-12-15,610.1195833333333
2021-12-16,672.12875
2021-12-17,667.0175
2021-12-18,760.4779166666667
2021-12-19,621.5095833333334
2021-12-20,666.7475000000001
2021-12-21,735.14875
2021-12-22,697.3341666666666
2021-12-23,687.1745833333333
2021-12-24,596.40125
2021-12-25,479.8929166666667
2021-12-26,509.49916666666667
2021-12-27,549.5870833333333
2021-12-28,585.125
2021-12-29,591.43
2021-12-30,597.5370833333333
2021-12-31,564.0458333333333
2022-01-01,505.75333333333333
2022-01-02,488.3495833333333
2022-01-03,633.5287500000001
2022-01-04,634.9591666666666
2022-01-05,626.0337499999999
2022-01-06,673.2216666666667
2022-01-07,736.14125
2022-01-08,688.4362500000001
2022-01-09,635.9933333333333
2022-01-10,636.0545833333333
2022-01-11,657.0091666666666
2022-01-12,807.2225
2022-01-13,832.0733333333333
2022-01-14,783.0775
2022-01-15,494.56375
2022-01-16,662.6179166666667
2022-01-17,763.1579166666667
2022-01-18,683.9170833333333
2022-01-19,762.1645833333333
2022-01-20,718.3404166666668
2022-01-21,919.0183333333333
2022-01-22,829.5300000000001
2022-01-23,747.6620833333333
2022-01-24,1099.59
2022-01-25,856.3879166666667
2022-01-26,790.5866666666667
2022-01-27,813.11625
2022-01-28,798.1308333333333
2022-01-29,827.36
2022-01-30,713.2545833333334
2022-01-31,863.22125
2022-02-01,964.7958333333332
2022-02-02,934.64
2022-02-03,934.8458333333333
2022-02-04,1147.5191666666667
2022-02-05,979.6420833333333
2022-02-06,795.98375
2022-02-07,869.4991666666666
2022-02-08,863.23375
2022-02-09,837.9770833333333
2022-02-10,871.25375
2022-02-11,748.6933333333333
2022-02-12,687.6991666666667
2022-02-13,651.3825
2022-02-14,715.9995833333332
2022-02-15,676.7283333333334
2022-02-16,691.4475000000001
2022-02-17,790.17125
2022-02-18,811.8975
2022-02-19,850.9825000000001
2022-02-20,731.8616666666667
2022-02-21,803.1583333333333
2022-02-22,843.0454166666667
2022-02-23,829.8516666666666
2022-02-24,883.3233333333333
2022-02-25,883.3558333333334
2022-02-26,844.6374999999999
2022-02-27,741.5275
2022-02-28,885.4274999999999
2022-03-01,850.2512499999999
2022-03-02,778.6891666666667
2022-03-03,831.605
2022-03-04,839.4054166666666
2022-03-05,789.47625
2022-03-06,785.5733333333333
2022-03-07,898.5633333333334
2022-03-08,1035.2175
2022-03-09,993.14125
2022-03-10,1051.5116666666665
2022-03-11,903.7541666666666
2022-03-12,861.67875
2022-03-13,782.1191666666667
2022-03-14,917.3316666666666
2022-03-15,858.1625
2022-03-16,828.0820833333333
2022-03-17,910.4566666666666
2022-03-18,890.3954166666667
2022-03-19,862.2308333333334
2022-03-20,761.3016666666667
2022-03-21,802.5366666666667
2022-03-22,848.6641666666666
2022-03-23,843.5129166666667
2022-03-24,825.5816666666666
2022-03-25,823.6320833333333
2022-03-26,825.33
2022-03-27,748.9320833333333
2022-03-28,828.0812500000001
2022-03-29,915.4345833333333
2022-03-30,936.1979166666666
2022-03-31,898.0637499999999
2022-04-01,938.3904166666666
2022-04-02,1080.5445833333333
2022-04-03,900.2379166666666
2022-04-04,973.5843478260869
2022-04-05,1042.97125
2022-04-06,1144.8833333333334
2022-04-07,1099.8208333333334
2022-04-08,1154.7754166666666
2022-04-09,999.4458333333333
2022-04-10,1007.6466666666666
2022-04-11,1110.5979166666666
2022-04-12,1143.1187499999999
2022-04-13,1211.1275
2022-04-14,1213.985
2022-04-15,1078.2133333333334
2022-04-16,1109.6295833333334
2022-04-17,1118.9237500000002
2022-04-18,1357.8270833333333
2022-04-19,1323.9783333333332
2022-04-20,1553.3179166666666
2022-04-21,1072.2645833333333
2022-04-22,1445.4083333333335
2022-04-23,1161.9725
2022-04-24,1122.0508333333335
2022-04-25,1281.6420833333334
2022-04-26,1305.7854166666666
2022-04-27,1260.3983333333333
2022-04-28,1193.1058333333333
2022-04-29,1319.56375
2022-04-30,1205.6704166666666
2022-05-01,1108.7079166666667
2022-05-02,1215.2733333333333
2022-05-03,1161.5304166666667
2022-05-04,1175.6258333333333
2022-05-05,1449.40125
2022-05-06,2595.5608333333334
2022-05-07,1909.2625
2022-05-08,1481.4666666666665
2022-05-09,1652.3954166666665
2022-05-10,1704.6287499999999
2022-05-11,1308.09
2022-05-12,1240.8816666666667
2022-05-13,1393.0966666666666
2022-05-14,1528.9624999999999
2022-05-15,1365.0441666666668
2022-05-16,1437.4816666666666
2022-05-17,1428.6570833333335
2022-05-18,1656.2633333333333
2022-05-19,1600.6945833333332
2022-05-20,1565.9416666666666
2022-05-21,1542.5283333333334
2022-05-22,1395.36125
2022-05-23,1397.485
2022-05-24,1408.6995833333333
2022-05-25,1440.20375
2022-05-26,1592.7108333333333
2022-05-27,1583.36
2022-05-28,1536.9750000000001
2022-05-29,1356.8820833333332
2022-05-30,1496.3075
2022-05-31,1491.1316666666664
2022-06-01,1543.4283333333333
2022-06-02,1472.2266666666667
2022-06-03,1529.7120833333336
2022-06-04,1483.3529166666667
2022-06-05,1325.0
2022-06-06,1404.92875
2022-06-07,1445.0199999999998
2022-06-08,1517.2041666666667
2022-06-09,1575.6362500000002
2022-06-10,1553.5575
2022-06-11,1385.3170833333334
2022-06-12,1319.6725
2022-06-13,1466.8725000000002
2022-06-14,1481.42
2022-06-15,1423.8583333333333
2022-06-16,1297.7429166666666
2022-06-17,1339.6383333333333
2022-06-18,1287.7154166666667
2022-06-19,1142.8766666666668
2022-06-20,1271.865
2022-06-21,1256.2675
2022-06-22,1202.1620833333334
2022-06-23,1130.3491666666666
2022-06-24,1128.1866666666667
2022-06-25,1081.7316666666668
2022-06-26,1075.2549999999999
2022-06-27,1072.5754166666668
2022-06-28,1096.3029166666668
2022-06-29,1106.5104166666667
2022-06-30,1119.54
2022-07-01,1179.7154166666667
2022-07-02,1320.5516666666667
2022-07-03,1002.2245833333333
2022-07-04,1037.2316666666668
2022-07-05,996.6116666666667
2022-07-06,1114.6195833333334
2022-07-07,1170.3295833333334
2022-07-08,1221.5720833333332
2022-07-09,1387.79625
2022-07-10,1156.8154166666666
2022-07-11,1521.5820833333335
2022-07-12,1560.49125
2022-07-13,1638.255
2022-07-14,1556.9541666666667
2022-07-15,1693.4445833333332
2022-07-16,1560.86
2022-07-17,1330.1691666666668
2022-07-18,1608.2933333333333
2022-07-19,1489.64625
2022-07-20,1537.9104166666666
2022-07-21,1685.5170833333332
2022-07-22,1827.7820833333333
2022-07-23,1740.0241666666668
2022-07-24,1457.6254166666668
2022-07-25,1611.49125
2022-07-26,1795.4725
2022-07-27,2015.44625
2022-07-28,1879.7504166666668
2022-07-29,1897.9633333333334
2022-07-30,1568.350416666667
2022-07-31,1379.4775
2022-08-01,1473.1716666666669
2022-08-02,1409.5
2022-08-03,1372.3245833333333
2022-08-04,1303.28
2022-08-05,1355.9645833333334
2022-08-06,1334.5504166666667
2022-08-07,1224.93625
2022-08-08,1392.3133333333333
2022-08-09,1374.2920833333335
2022-08-10,1333.3416666666667
2022-08-11,1461.8474999999999
2022-08-12,1477.2608333333335
2022-08-13,1460.2916666666667
2022-08-14,1323.64
2022-08-15,1424.6154166666665
2022-08-16,1383.45875
2022-08-17,1423.75
2022-08-18,1530.5562499999999
2022-08-19,1524.8400000000001
2022-08-20,1436.32625
2022-08-21,1250.3799999999999
2022-08-22,1339.1795833333333
2022-08-23,1446.6608333333334
2022-08-24,1523.9191666666666
2022-08-25,1512.3208333333332
2022-08-26,1528.1008333333332
2022-08-27,1493.9420833333334
2022-08-28,1377.1533333333334
2022-08-29,1433.2475000000002
2022-08-30,1443.2541666666666
2022-08-31,1425.8595833333331
2022-09-01,1401.9841666666669
2022-09-02,1403.8925
2022-09-03,1452.4141666666667
2022-09-04,1391.57
2022-09-05,1422.4604166666668
2022-09-06,1436.2091666666665
2022-09-07,1426.8712500000001
2022-09-08,1320.54625
2022-09-09,1300.4629166666666
2022-09-10,1297.7366666666667
2022-09-11,1179.0216666666668
2022-09-12,1257.2629166666668
2022-09-13,1281.8395833333334
2022-09-14,1283.7266666666667
2022-09-15,1374.1287499999999
2022-09-16,1341.6645833333334
2022-09-17,1214.0858333333333
2022-09-18,1214.5758333333333
2022-09-19,1372.1033333333335
2022-09-20,1262.9666666666667
2022-09-21,1247.4950000000001
2022-09-22,1283.4470833333332
2022-09-23,1227.7683333333332
2022-09-24,1187.5070833333334
2022-09-25,968.3491666666667
2022-09-26,972.5308333333334
2022-09-27,944.495
2022-09-28,938.3795833333334
2022-09-29,1000.9516666666667
2022-09-30,971.8516666666666
2022-10-01,857.2087500000001
2022-10-02,760.0966666666667
2022-10-03,818.9541666666668
2022-10-04,833.8583333333332
2022-10-05,868.9045833333333
2022-10-06,896.6508333333333
2022-10-07,976.3508333333333
2022-10-08,948.6766666666667
2022-10-09,870.7316666666667
2022-10-10,945.82125
2022-10-11,968.28625
2022-10-12,1046.5995833333334
2022-10-13,961.0404166666667
2022-10-14,994.9595833333333
2022-10-15,1020.5783333333334
2022-10-16,884.8270833333332
2022-10-17,1031.6133333333335
2022-10-18,884.9279166666666
2022-10-19,897.1883333333334
2022-10-20,893.5187500000001
2022-10-21,848.5975
2022-10-22,741.5079166666666
2022-10-23,682.3695833333334
2022-10-24,707.5058333333333
2022-10-25,686.7491666666666
2022-10-26,761.5450000000001
2022-10-27,700.9383333333334
2022-10-28,743.1883333333334
2022-10-29,798.9279166666666
2022-10-30,725.0075
2022-10-31,648.0
2022-11-01,739.1683333333334
2022-11-02,666.88375
2022-11-03,501.8241666666667
2022-11-04,480.16625
2022-11-05,590.6079166666667
2022-11-06,373.18041666666664
2022-11-07,371.47208333333333
2022-11-08,386.24083333333334
2022-11-09,505.2420833333333
2022-11-10,573.1016666666667
2022-11-11,576.97
2022-11-12,618.9683333333334
2022-11-13,637.95125
2022-11-14,657.4158333333334
2022-11-15,632.69125
2022-11-16,822.54625
2022-11-17,851.0870833333333
2022-11-18,934.0354166666666
2022-11-19,855.2275
2022-11-20,770.4383333333334
2022-11-21,800.6766666666667
2022-11-22,941.34375
2022-11-23,922.245
2022-11-24,962.6008333333333
2022-11-25,876.88625
2022-11-26,840.2445833333333
2022-11-27,902.8845833333334
2022-11-28,1013.2087499999999
2022-11-29,1020.0283333333333
2022-11-30,910.7841666666667
2022-12-01,860.7916666666666
2022-12-02,852.6004166666667
2022-12-03,839.32875
2022-12-04,684.695
2022-12-05,701.7733333333334
2022-12-06,720.1141666666667
2022-12-07,569.6666666666666
2022-12-08,588.7875
2022-12-09,653.4391666666667
2022-12-10,732.4308333333333
2022-12-11,730.5520833333334
2022-12-12,548.2775
2022-12-13,678.54875
2022-12-14,778.3825
2022-12-15,924.52375
2022-12-16,969.4320833333333
2022-12-17,916.6079166666667
2022-12-18,800.6570833333334
2022-12-19,898.4208333333332
2022-12-20,799.1437500000001
2022-12-21,846.3504166666667
2022-12-22,842.1033333333334
2022-12-23,947.49375
2022-12-24,848.7033333333334
2022-12-25,750.0245833333333
2022-12-26,818.9220833333334
2022-12-27,833.5124999999999
2022-12-28,758.2800000000001
2022-12-29,493.10791666666665
2022-12-30,474.7595833333333
2022-12-31,412.2316666666666
2023-01-01,73.43291666666666
2023-01-02,312.58750000000003
2023-01-03,437.0329166666667
2023-01-04,414.37166666666667
2023-01-05,516.7720833333334
2023-01-06,514.1566666666666
2023-01-07,484.07
2023-01-08,482.29833333333335
2023-01-09,535.4683333333334
2023-01-10,681.0795833333333
2023-01-11,555.4154166666666
2023-01-12,543.0016666666667
2023-01-13,532.655
2023-01-14,517.2104166666667
2023-01-15,317.92083333333335
2023-01-16,595.1283333333333
2023-01-17,534.9825
2023-01-18,542.1062499999999
2023-01-19,680.6079166666667
2023-01-20,633.7070833333333
2023-01-21,566.0733333333334
2023-01-22,436.14416666666665
2023-01-23,441.16875
2023-01-24,633.12125
2023-01-25,687.0429166666667
2023-01-26,570.4025
2023-01-27,521.615
2023-01-28,442.2833333333333
2023-01-29,414.0129166666666
2023-01-30,598.05125
2023-01-31,572.3133333333334
2023-02-01,701.0829166666667
2023-02-02,513.18125
2023-02-03,507.55749999999995
2023-02-04,436.02458333333334
2023-02-05,369.73541666666665
2023-02-06,330.34499999999997
2023-02-07,390.6583333333333
2023-02-08,456.6979166666667
2023-02-09,450.32458333333335
2023-02-10,423.25666666666666
2023-02-11,432.61875000000003
2023-02-12,388.33625
2023-02-13,400.8495833333333
2023-02-14,464.04041666666666
2023-02-15,490.5725
2023-02-16,560.9025
2023-02-17,510.41125000000005
2023-02-18,507.6075
2023-02-19,356.14124999999996
2023-02-20,505.5829166666667
2023-02-21,426.94374999999997
2023-02-22,441.74458333333337
2023-02-23,623.945
2023-02-24,464.4025
2023-02-25,421.9216666666667
2023-02-26,358.23791666666665
2023-02-27,593.4725
2023-02-28,653.3970833333334
2023-03-01,576.24125
2023-03-02,577.9216666666667
2023-03-03,639.6225000000001
2023-03-04,486.4583333333333
2023-03-05,448.2320833333333
2023-03-06,644.525
2023-03-07,781.0195833333333
2023-03-08,649.1887499999999
2023-03-09,636.41125
2023-03-10,688.0133333333333
2023-03-11,423.8233333333333
2023-03-12,435.82666666666665
2023-03-13,450.22333333333336
2023-03-14,419.9629166666667
2023-03-15,502.1933333333333
2023-03-16,468.95250000000004
2023-03-17,437.00874999999996
2023-03-18,411.0995833333333
2023-03-19,363.98875
2023-03-20,433.13374999999996
2023-03-21,418.5725
2023-03-22,350.1275
2023-03-23,407.7654166666667
2023-03-24,608.1916666666666
2023-03-25,652.7733333333333
2023-03-26,447.17041666666665
2023-03-27,767.2475
2023-03-28,673.7354166666667
2023-03-29,400.1325
2023-03-30,335.3070833333333
2023-03-31,728.8491666666667
2023-04-01,659.7058333333333
2023-04-02,337.0058333333333
2023-04-03,759.3449999999999
2023-04-04,625.5925000000001
2023-04-05,1005.2745833333333
2023-04-06,601.5391666666667
2023-04-07,385.1479166666666
2023-04-08,365.6929166666667
2023-04-09,352.1191666666667
2023-04-10,467.81166666666667
2023-04-11,387.76875
2023-04-12,479.345
2023-04-13,564.7391666666666
2023-04-14,796.0441666666667
2023-04-15,692.6254166666666
2023-04-16,473.75125
2023-04-17,530.5370833333333
2023-04-18,615.5829166666666
2023-04-19,776.1154166666666
2023-04-20,698.6504166666667
2023-04-21,1162.6841666666667
2023-04-22,987.8533333333334
2023-04-23,586.52125
2023-04-24,855.6704166666667
2023-04-25,901.58
2023-04-26,743.7600000000001
2023-04-27,575.765
2023-04-28,532.3825
2023-04-29,518.8608333333333
2023-04-30,320.3175
2023-05-01,356.53999999999996
2023-05-02,398.6579166666667
2023-05-03,779.5925000000001
2023-05-04,658.4841666666666
2023-05-05,708.40375
2023-05-06,564.1170833333333
2023-05-07,423.24791666666664
2023-05-08,861.8958333333334
2023-05-09,406.8729166666667
2023-05-10,516.9583333333334
2023-05-11,410.0333333333333
2023-05-12,523.1204166666666
2023-05-13,435.22208333333333
2023-05-14,311.08958333333334
2023-05-15,427.2420833333333
2023-05-16,550.25375
2023-05-17,1005.3908333333334
2023-05-18,773.37
2023-05-19,905.4020833333334
2023-05-20,584.2666666666667
2023-05-21,438.6854166666667
2023-05-22,727.4408333333334
2023-05-23,698.52
2023-05-24,673.6620833333333
2023-05-25,663.10125
2023-05-26,632.3774999999999
2023-05-27,666.6954166666667
2023-05-28,418.29625000000004
2023-05-29,472.70458333333335
2023-05-30,611.89875
2023-05-31,560.49875
2023-06-01,539.3508333333333
2023-06-02,654.1820833333334
2023-06-03,660.7033333333334
2023-06-04,469.0316666666667
2023-06-05,596.64125
2023-06-06,667.6266666666667
2023-06-07,567.1879166666666
2023-06-08,598.0854166666667
2023-06-09,680.5504166666666
2023-06-10,700.0029166666667
2023-06-11,491.5433333333333
2023-06-12,613.0633333333334
2023-06-13,759.0704166666666
2023-06-14,1086.0645833333333
2023-06-15,1479.6979166666667
2023-06-16,1318.97
2023-06-17,760.0554166666667
2023-06-18,436.1041666666667
2023-06-19,1109.6883333333333
2023-06-20,1262.7533333333333
2023-06-21,1557.2533333333333
2023-06-22,1619.6608333333334
2023-06-23,1050.3620833333332
2023-06-24,986.2908333333334
2023-06-25,585.2120833333333
2023-06-26,923.8470833333334
2023-06-27,821.1091666666666
2023-06-28,982.39875
2023-06-29,815.4908333333333
2023-06-30,909.265
2023-07-01,866.0029166666667
2023-07-02,614.2954166666667
2023-07-03,972.4483333333333
2023-07-04,801.2566666666667
2023-07-05,682.3833333333333
2023-07-06,1390.0829166666665
2023-07-07,1473.9575000000002
2023-07-08,1128.5495833333332
2023-07-09,643.6591666666667
2023-07-10,1554.6254166666668
2023-07-11,975.2637500000001
2023-07-12,1180.8291666666667
2023-07-13,1136.6641666666667
2023-07-14,796.6416666666668
2023-07-15,806.1483333333334
2023-07-16,580.2154166666667
2023-07-17,787.4070833333334
2023-07-18,1025.2625
2023-07-19,806.7258333333333
2023-07-20,1120.2179166666667
2023-07-21,1137.2625
2023-07-22,1552.87
2023-07-23,1352.7783333333334
2023-07-24,1596.8270833333333
2023-07-25,1311.7529166666666
2023-07-26,1083.3079166666666
2023-07-27,813.4866666666667
2023-07-28,910.9549999999999
2023-07-29,765.6225
2023-07-30,533.9625
2023-07-31,917.1774999999999
2023-08-01,953.5812500000001
2023-08-02,995.5558333333333
2023-08-03,979.03625
2023-08-04,821.3966666666666
2023-08-05,679.1904166666667
2023-08-06,608.7308333333334
2023-08-07,736.0383333333333
2023-08-08,707.7754166666667
2023-08-09,998.5545833333334
2023-08-10,1211.8608333333334
2023-08-11,1314.6129166666667
2023-08-12,1220.9066666666668
2023-08-13,722.4079166666667
2023-08-14,962.8216666666667
2023-08-15,1066.1658333333332
2023-08-16,856.1395833333332
2023-08-17,773.8604166666668
2023-08-18,1120.0987499999999
2023-08-19,885.6916666666666
2023-08-20,687.4812499999999
2023-08-21,736.5883333333333
2023-08-22,673.745
2023-08-23,635.2920833333334
2023-08-24,711.0870833333333
2023-08-25,648.05875
2023-08-26,785.84375
2023-08-27,593.3233333333334
2023-08-28,1011.2708333333334
2023-08-29,1362.5516666666667
2023-08-30,1185.3166666666666
2023-08-31,1158.535
2023-09-01,944.0524999999999
2023-09-02,735.86875
2023-09-03,608.4975000000001
2023-09-04,923.5645833333333
2023-09-05,1154.0604166666667
2023-09-06,1302.9329166666666
2023-09-07,1227.8983333333333
2023-09-08,1043.4104166666666
2023-09-09,861.9895833333334
2023-09-10,616.8766666666667
2023-09-11,946.7304166666667
2023-09-12,1373.0983333333334
2023-09-13,949.1283333333332
2023-09-14,1288.3291666666667
2023-09-15,1109.8125
2023-09-16,767.45375
2023-09-17,564.5870833333333
2023-09-18,1022.4
2023-09-19,1271.2237499999999
2023-09-20,1265.8395833333334
2023-09-21,1133.7245833333334
2023-09-22,998.2904166666667
2023-09-23,846.8791666666666
2023-09-24,639.51
2023-09-25,996.0437499999999
2023-09-26,1429.7004166666666
2023-09-27,1922.9058333333332
2023-09-28,1245.1283333333333
2023-09-29,1000.0341666666667
2023-09-30,910.98
2023-10-01,679.7833333333333
2023-10-02,797.66375
2023-10-03,1083.8258333333333
2023-10-04,1043.45625
2023-10-05,1055.9320833333334
2023-10-06,704.55875
2023-10-07,493.76208333333335
2023-10-08,454.4575
2023-10-09,649.9245833333333
2023-10-10,584.0275
2023-10-11,721.7054166666667
2023-10-12,582.9029166666667
2023-10-13,603.5833333333334
2023-10-14,532.3491666666666
2023-10-15,403.67833333333334
2023-10-16,466.77583333333337
2023-10-17,441.96208333333334
2023-10-18,463.9845833333333
2023-10-19,516.0820833333333
2023-10-20,626.5504166666666
2023-10-21,471.7754166666667
2023-10-22,341.11708333333337
2023-10-23,432.69666666666666
2023-10-24,429.63374999999996
2023-10-25,522.75125
2023-10-26,502.98541666666665
2023-10-27,484.34375
2023-10-28,442.4875
2023-10-29,435.50541666666663
2023-10-30,449.28749999999997
2023-10-31,444.59791666666666
2023-11-01,556.6791666666667
2023-11-02,570.0600000000001
2023-11-03,564.3158333333333
2023-11-04,484.66125000000005
2023-11-05,446.5516666666667
2023-11-06,674.8116666666666
2023-11-07,635.1766666666666
2023-11-08,579.8904166666666
2023-11-09,1021.2933333333334
2023-11-10,557.43125
2023-11-11,506.6983333333333
2023-11-12,378.305
2023-11-13,366.6891666666667
2023-11-14,661.6458333333334
2023-11-15,821.9050000000001
2023-11-16,588.5491666666667
2023-11-17,863.3216666666667
2023-11-18,554.3529166666666
2023-11-19,463.4533333333333
2023-11-20,455.3475
2023-11-21,484.1366666666667
2023-11-22,619.95125
2023-11-23,815.2054166666667
2023-11-24,571.0612500000001
2023-11-25,481.0758333333333
2023-11-26,438.75666666666666
2023-11-27,479.98
2023-11-28,479.18333333333334
2023-11-29,634.6233333333333
2023-11-30,525.5437499999999
2023-12-01,792.7391666666667
2023-12-02,697.4133333333333
2023-12-03,429.53875
2023-12-04,451.57708333333335
2023-12-05,539.2916666666666
2023-12-06,501.92125000000004
2023-12-07,480.93458333333336
2023-12-08,452.82708333333335
2023-12-09,448.48125
2023-12-10,321.1075
2023-12-11,452.01
2023-12-12,427.01125
2023-12-13,516.0070833333333
2023-12-14,594.5941666666666
2023-12-15,502.09458333333333
2023-12-16,432.62000000000006
2023-12-17,388.5470833333333
2023-12-18,460.7791666666667
2023-12-19,402.51416666666665
2023-12-20,429.15125000000006
2023-12-21,423.4554166666667
2023-12-22,418.6466666666667
2023-12-23,322.135
2023-12-24,220.65541666666664
2023-12-25,184.40708333333336
2023-12-26,267.445
2023-12-27,287.07625
2023-12-28,364.30583333333334
2023-12-29,379.1466666666667
2023-12-30,344.04749999999996
2023-12-31,183.42875
2024-01-01,269.46
